t_ms,ax_g,ay_g,az_g,gx_dps,gy_dps,gz_dps
1,-0.1035,0.1354,1.0529,-2.100,-2.590,2.800
11,-0.1005,0.1408,1.0492,-2.030,-2.100,2.940
21,-0.0978,0.1501,1.0494,-1.750,-1.610,2.940
31,-0.1005,0.1530,1.0485,-1.610,-0.700,2.800
41,-0.1003,0.1569,1.0448,-1.750,0.210,2.590
51,-0.1027,0.1645,1.0392,-1.820,1.680,2.240
60,-0.1025,0.1657,1.0375,-2.170,2.170,1.750
70,-0.1035,0.1620,1.0360,-2.100,2.520,1.400
80,-0.1032,0.1569,1.0338,-2.310,2.310,1.120
90,-0.1091,0.1505,1.0360,-2.870,1.680,0.490
100,-0.1181,0.1452,1.0350,-3.220,0.840,-0.210
110,-0.1454,0.1410,1.0304,-3.080,-0.420,-0.700
120,-0.1579,0.1388,1.0231,-2.170,-0.350,-0.840
130,-0.1664,0.1352,1.0099,-0.770,0.420,-1.190
140,-0.1735,0.1371,1.0067,0.630,1.820,-1.400
150,-0.1796,0.1364,1.0053,2.100,3.010,-1.400
160,-0.1842,0.1352,1.0097,3.290,3.920,-0.980
169,-0.1857,0.1330,1.0277,4.270,4.340,-0.490
179,-0.1835,0.1362,1.0360,4.060,3.780,-0.700
189,-0.1774,0.1371,1.0429,3.780,3.080,-0.770
199,-0.1693,0.1403,1.0458,3.640,2.590,-0.770
209,-0.1635,0.1420,1.0448,3.290,1.960,-0.910
219,-0.1584,0.1452,1.0455,2.730,1.120,-0.700
229,-0.1457,0.1540,1.0560,1.540,-0.350,0.140
239,-0.1398,0.1532,1.0575,1.750,-1.190,0.630
249,-0.1342,0.1471,1.0502,2.730,-1.820,0.980
259,-0.1269,0.1432,1.0448,3.010,-2.170,1.330
269,-0.1171,0.1371,1.0363,3.150,-2.170,1.470
278,-0.1069,0.1340,1.0353,3.080,-2.310,1.330
288,-0.0854,0.1210,1.0304,2.590,-2.870,0.630
298,-0.0761,0.1208,1.0333,1.680,-3.010,0.280
308,-0.0695,0.1198,1.0341,0.420,-3.010,0.210
318,-0.0669,0.1213,1.0333,-0.770,-2.660,0.140
328,-0.0656,0.1286,1.0348,-1.260,-1.960,0.070
338,-0.0642,0.1247,1.0285,-1.610,-1.260,0.280
348,-0.0600,0.1310,1.0336,-1.120,0.280,0.140
358,-0.0590,0.1322,1.0368,-0.140,0.140,0.630
368,-0.0566,0.1279,1.0387,1.260,-0.210,1.120
378,-0.0593,0.1261,1.0411,2.030,-0.350,1.190
388,-0.0676,0.1230,1.0468,2.310,-0.910,1.400
397,-0.0749,0.1191,1.0502,2.730,-0.840,1.540
407,-0.0917,0.1240,1.0465,1.470,0.700,1.260
417,-0.0993,0.1374,1.0451,0.840,1.400,1.330
427,-0.1054,0.1415,1.0377,0.560,2.240,1.190
437,-0.1110,0.1464,1.0314,0.350,2.520,0.910
447,-0.1161,0.1462,1.0197,0.420,2.380,0.420
457,-0.1198,0.1503,1.0165,-0.070,2.310,-0.630
467,-0.1252,0.1532,1.0121,-1.190,1.680,-2.240
477,-0.1276,0.1591,1.0189,-1.750,1.330,-2.660
487,-0.1303,0.1571,1.0204,-1.610,0.770,-2.520
497,-0.1330,0.1649,1.0277,-1.540,0.420,-2.450
507,-0.1335,0.1667,1.0353,-0.910,0.280,-1.960
516,-0.1305,0.1588,1.0363,0.210,0.210,-1.190
526,-0.1310,0.1520,1.0358,1.260,0.000,-0.350
536,-0.1354,0.1493,1.0341,1.120,-0.280,0.000
546,-0.1359,0.1530,1.0355,0.560,-0.350,-0.350
556,-0.1415,0.1508,1.0324,0.770,-0.210,-0.490
566,-0.1364,0.1437,1.0238,1.120,-0.210,-0.980
576,-0.1352,0.1437,1.0204,0.980,-0.070,-1.540
586,-0.1432,0.1296,1.0080,0.420,0.560,-2.030
596,-0.1469,0.1364,1.0141,-0.210,1.050,-2.520
606,-0.1396,0.1425,1.0219,-0.350,1.120,-2.240
616,-0.1296,0.1335,1.0192,0.560,0.700,-1.610
625,-0.1164,0.1366,1.0233,0.070,0.490,-0.560
635,-0.1015,0.1486,1.0382,-1.190,0.560,0.420
645,-0.0871,0.1532,1.0516,-2.030,0.000,2.520
655,-0.0847,0.1530,1.0516,-2.450,0.210,3.220
665,-0.0852,0.1505,1.0529,-3.220,0.980,4.060
675,-0.0893,0.1454,1.0529,-3.290,1.890,4.270
685,-0.0954,0.1418,1.0504,-2.870,2.940,3.710
695,-0.0991,0.1369,1.0492,-2.030,3.850,3.010
705,-0.1076,0.1254,1.0416,0.210,5.740,-0.140
715,-0.1108,0.1259,1.0402,0.910,6.440,-2.240
725,-0.1149,0.1269,1.0363,0.980,6.720,-4.270
735,-0.1179,0.1322,1.0343,0.770,6.370,-5.880
744,-0.1186,0.1398,1.0324,0.840,5.810,-7.140
754,-0.1161,0.1437,1.0292,0.770,4.270,-8.050
764,-0.1213,0.1518,1.0253,1.330,0.630,-7.700
774,-0.1271,0.1527,1.0336,0.770,-1.330,-6.510
784,-0.1330,0.1547,1.0468,-0.420,-2.450,-4.970
794,-0.1349,0.1574,1.0607,-1.820,-2.800,-3.570
804,-0.1364,0.1596,1.0663,-3.710,-2.310,-2.520
814,-0.1366,0.1601,1.0653,-5.320,-1.190,-1.400
824,-0.1264,0.1479,1.0316,-5.810,0.140,-0.210
834,-0.1203,0.1398,1.0153,-5.250,0.140,0.280
844,-0.1159,0.1218,1.0048,-3.780,-0.560,0.560
854,-0.1135,0.0891,0.9945,-2.310,-1.470,0.980
863,-0.1078,0.0715,1.0021,-1.890,-1.260,1.190
873,-0.1081,0.0649,1.0246,-1.540,-0.630,1.470
883,-0.1225,0.0471,1.0687,-0.840,1.050,3.220
893,-0.1325,0.0505,1.0982,-1.050,2.240,3.920
903,-0.1371,0.0549,1.1129,-1.050,3.570,5.180
913,-0.1352,0.0708,1.1204,-1.680,5.110,6.160
923,-0.1244,0.1035,1.1158,-2.730,6.300,6.440
933,-0.1020,0.1410,1.0953,-2.940,6.580,5.880
943,-0.0703,0.1898,1.0268,0.350,2.170,3.500
953,-0.0634,0.2045,0.9923,1.680,-1.470,1.820
963,-0.0612,0.2189,0.9733,2.030,-4.900,0.560
972,-0.0639,0.2340,0.9679,1.750,-7.630,-0.630
982,-0.0669,0.2386,0.9650,1.540,-9.240,-1.260
992,-0.0678,0.2391,0.9579,1.610,-9.380,-2.240
1002,-0.0539,0.2428,0.9550,-0.630,-6.510,-3.640
1012,-0.0459,0.2359,0.9589,-2.100,-4.270,-3.710
1022,-0.0349,0.2281,0.9675,-3.360,-2.240,-3.850
1032,-0.0254,0.2176,0.9831,-4.620,-1.120,-3.850
1042,-0.0171,0.2101,1.0053,-5.180,-0.490,-3.710
1052,-0.0185,0.2108,1.0372,-5.180,-0.840,-3.290
1062,-0.0215,0.1903,1.0831,-0.910,-2.940,-1.610
1072,-0.0264,0.1571,1.0902,2.590,-4.690,-0.280
1081,-0.0268,0.1347,1.0958,5.740,-6.580,0.700
1091,-0.0234,0.1176,1.1017,7.070,-8.680,1.400
1101,-0.0298,0.1340,1.1219,8.890,-10.920,1.960
1111,-0.0520,0.1061,1.0912,12.460,-12.880,2.590
1121,-0.1171,0.1349,1.0629,12.460,-9.940,2.800
1131,-0.1518,0.1359,1.0350,12.880,-6.580,3.080
1141,-0.1706,0.1359,1.0075,13.510,-2.240,3.570
1151,-0.1879,0.1213,0.9882,13.090,2.100,3.990
1161,-0.2040,0.1013,0.9843,12.180,5.530,4.130
1171,-0.2101,0.0837,0.9831,10.990,6.790,4.550
1181,-0.2264,0.0432,1.0172,5.110,4.340,5.530
1190,-0.2316,0.0334,1.0399,2.240,1.470,6.580
1200,-0.2296,0.0176,1.0441,0.630,-1.680,8.540
1210,-0.2277,0.0207,1.0507,-1.680,-3.500,9.800
1220,-0.2147,0.0334,1.0624,-3.290,-3.710,10.500
1230,-0.2018,0.0334,1.0602,-2.240,-3.360,11.340
1240,-0.1864,0.0183,1.0453,0.000,-0.070,11.130
1250,-0.1859,0.0166,1.0338,3.640,1.330,10.220
1260,-0.1825,0.0344,1.0355,3.780,2.590,9.450
1270,-0.1810,0.0639,1.0465,3.500,3.150,9.030
1280,-0.1740,0.0766,1.0470,4.550,3.710,8.470
1290,-0.1649,0.0903,1.0533,5.320,4.900,7.280
1299,-0.1432,0.0981,1.0541,5.530,7.840,3.780
1309,-0.1337,0.1049,1.0577,3.430,8.470,1.680
1319,-0.1252,0.1139,1.0599,1.190,8.540,-0.420
1329,-0.1203,0.1198,1.0575,-0.770,7.560,-2.590
1339,-0.1186,0.1308,1.0516,-2.590,6.370,-4.340
1349,-0.1191,0.1444,1.0409,-3.780,4.830,-5.460
1359,-0.1408,0.1657,1.0155,-4.340,3.010,-6.230
1369,-0.1518,0.1713,1.0133,-2.870,0.700,-5.530
1379,-0.1608,0.1654,1.0080,-0.490,-0.490,-4.130
1389,-0.1630,0.1296,0.9892,2.030,-1.750,-2.380
1399,-0.1549,0.1227,0.9953,3.010,-2.170,-1.610
1408,-0.1410,0.1096,0.9941,3.360,-2.240,-1.190
1418,-0.1061,0.0993,1.0192,3.010,0.490,-1.960
1428,-0.0937,0.0966,1.0397,2.660,2.170,-2.660
1438,-0.0800,0.0834,1.0558,3.150,3.500,-3.430
1448,-0.0788,0.0815,1.0682,3.010,4.970,-4.480
1458,-0.0788,0.0803,1.0853,1.050,6.860,-5.880
1468,-0.0776,0.0947,1.1070,-1.960,8.540,-7.700
1478,-0.0932,0.1310,1.1065,-3.920,7.980,-11.060
1488,-0.1027,0.1542,1.1002,-5.530,5.810,-12.110
1498,-0.1157,0.1632,1.0716,-4.620,2.730,-12.880
1508,-0.1240,0.1749,1.0529,-4.130,-0.070,-13.300
1518,-0.1249,0.1757,1.0255,-4.060,-2.520,-13.790
1527,-0.1169,0.1862,1.0158,-5.040,-4.900,-14.280
1537,-0.0949,0.1918,1.0021,-5.740,-11.970,-14.280
1547,-0.0878,0.1862,1.0058,-7.280,-16.380,-13.440
1557,-0.0881,0.1820,1.0209,-9.520,-20.720,-12.040
1567,-0.0925,0.1647,1.0277,-12.250,-23.660,-10.150
1577,-0.0874,0.1728,1.0453,-16.380,-23.730,-8.610
1587,-0.1022,0.2018,1.0631,-20.790,-21.280,-6.510
1597,-0.0913,0.2403,1.0536,-22.330,-10.010,-2.590
1607,-0.0769,0.2464,1.0307,-18.410,-3.220,-1.400
1617,-0.0710,0.2464,1.0060,-14.000,2.590,-0.840
1627,-0.0639,0.2272,0.9887,-8.610,6.440,-1.050
1637,-0.0856,0.1928,0.9638,-3.430,8.330,-1.540
1646,-0.1115,0.1698,0.9618,0.490,9.030,-2.170
1656,-0.1523,0.0839,0.9557,3.290,9.870,-2.870
1666,-0.1713,0.0676,0.9777,2.800,11.200,-2.730
1676,-0.1928,0.0473,0.9845,1.400,11.200,-1.960
1686,-0.2069,0.0298,0.9889,-0.910,11.550,-0.070
1696,-0.2206,0.0503,1.0255,-3.290,12.320,1.890
1706,-0.2355,0.0459,1.0419,-3.780,12.530,5.250
1716,-0.2118,0.0266,1.0702,-3.920,13.230,11.130
1726,-0.2057,0.0439,1.0921,-6.090,12.390,13.860
1736,-0.1959,0.0417,1.0882,-4.620,10.430,16.870
1746,-0.1810,0.0381,1.0719,-1.890,8.400,18.970
1756,-0.1618,0.0476,1.0660,-0.420,6.650,21.700
1765,-0.1322,0.0534,1.0599,1.190,5.040,23.940
1775,-0.0612,0.0459,1.0382,3.920,0.840,25.830
1785,-0.0222,0.0520,1.0390,6.230,-1.750,25.900
1795,0.0129,0.0576,1.0358,6.370,-4.340,25.550
1805,0.0361,0.0722,1.0380,5.390,-6.510,24.500
1815,0.0571,0.0834,1.0353,4.410,-8.190,23.240
1825,0.0634,0.1020,1.0365,3.570,-9.310,21.280
1835,0.0615,0.1557,1.0382,1.890,-8.540,16.730
1845,0.0490,0.1923,1.0377,-0.070,-7.070,14.210
1855,0.0532,0.2120,1.0309,0.280,-5.530,11.970
1865,0.0276,0.2377,1.0199,0.770,-4.690,9.310
1875,0.0195,0.2577,1.0226,0.490,-4.270,6.720
1884,-0.0264,0.2879,1.0346,1.050,-4.340,4.200
1894,-0.0978,0.3152,1.0204,2.380,-3.780,0.490
1904,-0.1235,0.3323,1.0299,1.890,-3.430,-1.120
1914,-0.1283,0.3323,1.0375,1.960,-3.710,-2.170
1924,-0.1340,0.3089,1.0185,2.100,-5.110,-4.480
1934,-0.1357,0.3038,1.0128,-0.140,-6.720,-7.070
1944,-0.1366,0.3018,1.0158,-2.730,-8.960,-9.030
1954,-0.1432,0.2865,1.0150,-4.340,-12.040,-11.480
1964,-0.1437,0.2799,1.0158,-5.670,-11.270,-11.900
1974,-0.1410,0.2711,1.0148,-4.060,-9.450,-11.760
1984,-0.1337,0.2582,1.0055,0.000,-7.980,-10.780
1994,-0.1191,0.2320,0.9980,5.670,-7.490,-9.450
2003,-0.1215,0.1701,0.9706,11.410,-8.190,-7.980
2013,-0.1454,0.0952,0.9804,16.030,-9.450,-3.010
2023,-0.1618,0.0422,0.9872,22.890,-10.220,0.350
2033,-0.1852,-0.0071,1.0102,24.080,-9.520,3.220
2043,-0.2106,-0.0534,1.0319,22.120,-7.210,5.600
2053,-0.2250,-0.0634,1.0812,17.780,-2.730,7.000
2063,-0.2281,-0.0764,1.1070,13.090,2.940,7.840
2073,-0.2272,-0.0168,1.1305,7.420,12.250,5.670
2083,-0.2211,0.0368,1.1258,1.680,13.370,3.850
2093,-0.2196,0.0647,1.1019,3.640,11.620,2.240
2103,-0.2167,0.0749,1.0660,7.630,8.680,0.630
2113,-0.2184,0.0791,1.0348,11.340,5.670,-1.050
2123,-0.2152,0.0720,1.0092,14.280,2.380,-3.010
2132,-0.2015,0.0473,0.9841,15.470,-3.290,-6.160
2142,-0.2059,0.0156,0.9684,14.420,-5.040,-7.000
2152,-0.2054,-0.0002,0.9699,12.180,-4.760,-7.840
2162,-0.2030,0.0107,0.9975,8.540,-2.800,-7.490
2172,-0.1923,0.0110,1.0202,6.580,-0.280,-6.860
2182,-0.1871,0.0107,1.0338,4.760,2.310,-7.070
2192,-0.1818,0.0346,1.0646,1.680,6.650,-7.350
2202,-0.1854,0.0466,1.0663,-2.240,7.070,-6.860
2212,-0.1898,0.0544,1.0594,-2.100,6.720,-5.880
2222,-0.1842,0.0642,1.0465,-1.960,6.160,-4.830
2232,-0.1835,0.0708,1.0275,-1.610,6.020,-3.780
2242,-0.1776,0.0856,1.0236,-2.310,7.070,-2.870
2251,-0.1564,0.1310,1.0448,-3.710,8.610,-1.050
2261,-0.1330,0.1686,1.0690,-4.200,9.100,-0.280
2271,-0.1166,0.1832,1.0758,-3.080,8.820,0.280
2281,-0.0915,0.1903,1.0765,-1.470,8.610,0.070
2291,-0.0671,0.1972,1.0734,0.420,7.560,-0.700
2301,-0.0471,0.1950,1.0658,1.610,6.930,-2.240
2311,-0.0273,0.2076,1.0619,1.400,5.180,-5.880
2321,-0.0271,0.2025,1.0543,2.100,4.270,-6.510
2331,-0.0276,0.1947,1.0514,3.570,3.360,-6.510
2341,-0.0256,0.1701,1.0346,4.620,2.380,-5.390
2351,-0.0264,0.1376,1.0128,4.410,2.240,-4.550
2361,-0.0273,0.1410,1.0143,1.750,2.100,-3.640
2370,-0.0468,0.1254,0.9960,-2.800,0.770,-1.540
2380,-0.0581,0.1266,0.9943,-5.880,0.700,-1.050
2390,-0.0617,0.1291,0.9992,-8.960,1.470,-0.070
2400,-0.0632,0.1259,1.0041,-11.200,1.820,0.770
2410,-0.0639,0.1159,1.0099,-12.460,1.680,1.400
2420,-0.0654,0.1010,1.0170,-13.510,0.210,2.170
2430,-0.0715,0.0773,1.0394,-14.840,-3.290,2.590
2440,-0.0737,0.0813,1.0619,-15.470,-3.990,3.220
2450,-0.0739,0.0856,1.0721,-14.700,-3.990,3.850
2460,-0.0727,0.0788,1.0695,-11.970,-3.640,4.620
2470,-0.0710,0.0778,1.0695,-9.520,-2.730,5.040
2480,-0.0671,0.0939,1.0804,-7.910,-1.610,5.460
2490,-0.0681,0.0752,1.0590,-2.660,-0.980,5.810
2499,-0.0717,0.0920,1.0634,-1.260,-0.630,5.670
2509,-0.0813,0.0725,1.0446,1.820,-1.120,5.880
2519,-0.0964,0.0578,1.0309,4.340,-1.190,5.460
2529,-0.1100,0.0576,1.0304,3.990,-0.490,5.040
2539,-0.1205,0.0459,1.0280,3.220,0.700,4.900
2549,-0.1391,0.0793,1.0543,0.420,2.030,4.060
2559,-0.1466,0.0871,1.0470,0.560,1.540,4.690
2569,-0.1513,0.1020,1.0390,1.190,0.770,5.180
2579,-0.1540,0.1174,1.0331,1.190,-0.070,5.880
2589,-0.1557,0.1247,1.0260,1.190,-1.050,6.580
2599,-0.1559,0.1279,1.0189,0.770,-2.240,6.930
2609,-0.1576,0.1332,1.0170,-0.770,-4.900,8.750
2618,-0.1525,0.1342,1.0209,-1.610,-6.020,9.240
2628,-0.1501,0.1408,1.0297,-2.660,-6.790,9.730
2638,-0.1457,0.1474,1.0411,-3.080,-7.140,10.080
2648,-0.1401,0.1525,1.0451,-2.450,-6.790,10.080
2658,-0.1335,0.1520,1.0455,-1.120,-5.460,9.800
2668,-0.1171,0.1501,1.0402,1.610,-2.730,8.120
2678,-0.1171,0.1462,1.0280,2.660,-1.680,6.720
2688,-0.1193,0.1420,1.0153,3.220,-1.050,4.760
2698,-0.1259,0.1505,1.0146,2.730,-0.630,2.660
2708,-0.1366,0.1545,1.0160,2.380,-0.420,1.050
2718,-0.1474,0.1545,1.0277,2.380,-0.140,-0.630
2728,-0.1547,0.1403,1.0421,2.380,0.490,-3.290
2738,-0.1486,0.1303,1.0446,1.330,0.910,-4.410
2747,-0.1391,0.1332,1.0548,0.140,1.330,-5.530
2757,-0.1271,0.1301,1.0563,-0.420,1.330,-6.300
2767,-0.1208,0.1166,1.0468,-0.140,1.330,-7.210
2777,-0.1198,0.1088,1.0465,-0.560,0.840,-7.840
2787,-0.1420,0.0847,1.0529,-1.330,-0.420,-8.260
2797,-0.1557,0.0720,1.0529,-1.050,-0.140,-8.190
2807,-0.1627,0.0700,1.0592,-0.980,0.490,-7.840
2817,-0.1659,0.0520,1.0438,0.280,1.680,-7.420
2827,-0.1654,0.0515,1.0387,1.120,2.800,-7.350
2837,-0.1637,0.0571,1.0365,2.170,3.500,-7.070
2847,-0.1559,0.0642,1.0167,5.320,1.120,-6.580
2857,-0.1564,0.0764,1.0106,5.320,-0.700,-6.090
2867,-0.1571,0.0900,1.0082,4.900,-2.030,-5.180
2877,-0.1537,0.1088,1.0131,4.270,-2.520,-4.620
2887,-0.1513,0.1144,1.0128,3.570,-2.940,-4.130
2897,-0.1493,0.1249,1.0226,2.450,-2.660,-3.640
2906,-0.1396,0.1279,1.0394,2.100,-1.260,-2.590
2916,-0.1352,0.1176,1.0429,2.870,-0.490,-1.890
2926,-0.1293,0.1118,1.0490,3.080,0.280,-1.470
2936,-0.1247,0.1000,1.0490,3.290,0.840,-1.190
2946,-0.1210,0.0981,1.0521,3.430,1.400,-0.770
2956,-0.1164,0.0895,1.0455,3.360,2.100,-0.630
2966,-0.1086,0.0969,1.0380,2.170,3.290,-0.350
2976,-0.1025,0.1074,1.0385,2.100,3.290,-0.070
2986,-0.0959,0.1147,1.0341,2.520,2.590,0.350
2996,-0.0871,0.1320,1.0380,2.240,1.750,0.490
3006,-0.0761,0.1423,1.0402,1.680,0.770,0.980
3016,-0.0693,0.1523,1.0448,1.960,-0.490,0.980
3026,-0.0669,0.1525,1.0319,2.660,-2.730,-0.280
3036,-0.0698,0.1537,1.0285,1.960,-3.640,-1.050
3046,-0.0771,0.1515,1.0233,1.820,-4.130,-2.170
3055,-0.0866,0.1527,1.0209,1.400,-4.060,-3.150
3065,-0.0947,0.1552,1.0246,0.490,-3.710,-4.550
3075,-0.1035,0.1510,1.0311,-0.630,-3.010,-5.600
3085,-0.1279,0.1283,1.0446,-2.870,-0.490,-6.930
3095,-0.1357,0.1171,1.0541,-4.130,0.630,-7.140
3105,-0.1393,0.1030,1.0607,-4.970,1.680,-7.000
3115,-0.1388,0.0881,1.0604,-5.740,2.520,-6.370
3125,-0.1362,0.0778,1.0580,-5.950,2.800,-5.810
3135,-0.1344,0.0598,1.0424,-5.670,2.240,-5.250
3145,-0.1371,0.0603,1.0431,-6.160,-0.140,-3.850
3155,-0.1437,0.0671,1.0365,-5.320,-1.400,-3.010
3165,-0.1510,0.0698,1.0221,-4.060,-2.520,-2.100
3175,-0.1554,0.0732,1.0146,-3.430,-2.800,-1.470
3185,-0.1574,0.0732,1.0085,-3.150,-2.170,-0.770
3194,-0.1464,0.0764,1.0216,-3.080,-1.120,0.210
3204,-0.1369,0.0691,1.0294,-1.680,0.910,1.960
3214,-0.1261,0.0673,1.0404,-1.120,1.540,2.730
3224,-0.1181,0.0647,1.0487,-0.210,1.750,3.570
3234,-0.1115,0.0598,1.0521,1.330,1.330,4.480
3244,-0.1083,0.0578,1.0558,2.380,0.630,5.110
3254,-0.1103,0.0627,1.0580,3.430,0.420,5.530
3264,-0.1115,0.0681,1.0565,4.900,-0.140,6.650
3274,-0.1183,0.0754,1.0555,4.900,-0.420,7.000
3284,-0.1222,0.0817,1.0507,4.200,-0.630,7.700
3294,-0.1215,0.0954,1.0480,3.010,-0.490,8.190
3304,-0.1196,0.1166,1.0492,1.890,-0.280,8.330
3314,-0.1064,0.1481,1.0382,0.770,-0.070,8.470
3324,-0.0998,0.1649,1.0404,0.140,0.350,8.120
3334,-0.0952,0.1664,1.0380,0.350,-0.280,8.330
3343,-0.0969,0.1569,1.0346,1.190,-1.260,8.610
3353,-0.1020,0.1444,1.0263,0.700,-2.310,8.610
3363,-0.1044,0.1420,1.0277,-0.280,-2.590,8.820
3373,-0.1135,0.1247,1.0180,-1.120,-2.450,9.520
3383,-0.1159,0.1130,1.0111,-0.910,-0.980,10.010
3393,-0.1137,0.1047,1.0119,-1.610,0.420,10.360
3403,-0.1066,0.0991,1.0192,-2.800,1.330,10.640
3413,-0.0939,0.1047,1.0319,-4.410,1.820,10.850
3423,-0.0756,0.1164,1.0455,-5.670,1.890,11.130
3433,-0.0483,0.1186,1.0285,-5.530,1.470,10.570
3443,-0.0447,0.1105,1.0180,-2.450,0.560,9.590
3453,-0.0500,0.1059,1.0150,-0.700,-0.980,8.120
3463,-0.0661,0.1054,1.0167,0.280,-2.380,6.300
3473,-0.0878,0.1076,1.0228,0.700,-3.290,4.130
3483,-0.1105,0.1066,1.0346,1.470,-3.570,1.890
3492,-0.1505,0.0954,1.0502,2.170,-2.450,-3.570
3502,-0.1654,0.0978,1.0624,1.260,-1.960,-5.880
3512,-0.1728,0.1003,1.0663,0.630,-1.820,-7.840
3522,-0.1842,0.1086,1.0675,0.210,-1.260,-9.380
3532,-0.1947,0.1091,1.0665,-0.070,-1.190,-10.920
3542,-0.2052,0.1066,1.0638,-0.420,-0.770,-11.830
3552,-0.2201,0.1025,1.0531,0.140,-0.910,-11.410
3562,-0.2218,0.1030,1.0519,0.560,-1.330,-10.850
3572,-0.2196,0.1096,1.0529,1.120,-1.610,-9.380
3582,-0.2167,0.1096,1.0451,2.310,-2.100,-8.190
3592,-0.2089,0.1088,1.0390,2.870,-2.870,-6.790
3602,-0.1967,0.1132,1.0382,3.080,-3.780,-5.180
3612,-0.1681,0.1049,1.0182,2.940,-5.460,-2.800
3622,-0.1535,0.1054,1.0170,2.170,-5.180,-2.100
3632,-0.1398,0.0974,1.0114,1.680,-4.830,-1.610
3641,-0.1281,0.0915,1.0133,1.190,-4.130,-1.050
3651,-0.1186,0.0834,1.0194,1.190,-3.080,-0.910
3661,-0.1137,0.0791,1.0282,1.470,-2.170,-1.050
3671,-0.1022,0.0908,1.0431,1.400,-0.630,-1.260
3681,-0.0971,0.1003,1.0460,1.400,0.210,-1.400
3691,-0.0939,0.1110,1.0453,1.260,0.630,-1.260
3701,-0.0922,0.1218,1.0431,1.120,0.770,-1.400
3711,-0.0956,0.1288,1.0429,0.840,0.910,-1.610
3721,-0.0974,0.1298,1.0426,0.700,0.840,-1.610
3731,-0.1037,0.1164,1.0372,1.190,0.770,-2.100
3741,-0.1086,0.1037,1.0333,1.540,0.980,-1.960
3751,-0.1115,0.0935,1.0309,1.820,0.980,-1.820
3761,-0.1147,0.0893,1.0350,1.960,1.260,-1.750
3771,-0.1213,0.0810,1.0341,2.380,1.190,-1.680
3781,-0.1315,0.0769,1.0360,2.660,1.470,-1.610
3791,-0.1523,0.0783,1.0402,2.730,2.170,-1.470
3800,-0.1588,0.0803,1.0394,2.520,2.730,-1.050
3810,-0.1615,0.0827,1.0385,2.100,3.500,-0.630
3820,-0.1547,0.0861,1.0375,1.330,4.200,-0.280
3830,-0.1430,0.0925,1.0409,0.350,4.340,0.420
3840,-0.1293,0.1020,1.0411,-0.840,3.920,1.050
3850,-0.1052,0.1364,1.0604,-5.250,1.330,2.100
3860,-0.0869,0.1493,1.0685,-7.840,-0.770,2.590
3870,-0.0583,0.1552,1.0848,-10.990,-2.730,3.570
3880,-0.0239,0.1530,1.0987,-14.490,-4.760,4.270
3890,0.0071,0.1496,1.1126,-17.850,-6.930,4.970
3900,0.0217,0.1452,1.1165,-20.020,-9.030,5.040
3910,0.0115,0.1281,1.0758,-16.310,-11.620,5.460
3920,-0.0127,0.1052,1.0382,-10.920,-9.660,5.390
3930,-0.0520,0.0676,0.9726,-4.340,-5.600,5.740
3940,-0.0712,0.0425,0.9396,2.380,-0.140,6.440
3949,-0.1042,0.0044,0.8894,7.420,6.090,6.300
3959,-0.1081,-0.0051,0.9072,8.960,12.250,5.880
3969,-0.1118,-0.0156,0.9170,12.180,15.400,5.040
3979,-0.1161,-0.0144,0.9421,11.620,12.110,4.410
3989,-0.1330,0.0117,0.9904,9.380,6.090,3.780
3999,-0.1486,0.0037,1.0272,8.890,-0.980,3.710
4009,-0.1708,0.0007,1.0675,6.860,-6.580,3.220
4019,-0.1989,0.0278,1.1836,2.310,-9.520,2.660
4029,-0.2213,0.0527,1.2324,-7.840,-9.380,0.980
4039,-0.2440,0.0898,1.2644,-12.950,-6.580,-0.560
4049,-0.2621,0.1232,1.2612,-16.380,-2.240,-2.380
4059,-0.2718,0.1547,1.2227,-17.990,3.010,-4.270
4069,-0.2684,0.1874,1.1551,-18.480,7.210,-5.460
4079,-0.2403,0.2247,1.0126,-16.520,9.520,-6.230
4088,-0.2277,0.2145,0.9453,-7.490,7.210,-5.740
4098,-0.2174,0.1857,0.8862,-3.080,5.320,-4.900
4108,-0.2120,0.1593,0.8552,-1.050,3.640,-3.570
4118,-0.2064,0.1505,0.8708,-1.120,2.380,-2.240
4128,-0.2037,0.1401,0.9038,-0.910,2.100,-0.700
4138,-0.1879,0.1215,0.9697,-0.070,3.430,1.120
4148,-0.1730,0.0930,0.9862,2.170,12.530,5.110
4158,-0.1601,0.0705,1.0099,2.100,17.990,6.370
4168,-0.1432,0.0588,1.0348,0.280,22.470,7.490
4178,-0.1276,0.0490,1.0597,-1.890,25.830,8.260
4188,-0.1135,0.0483,1.0758,-3.990,27.930,8.890
4198,-0.0786,0.0500,1.0660,-5.950,29.820,9.450
4208,-0.0539,0.0795,1.0516,-11.270,32.690,9.940
4218,-0.0356,0.1005,1.0121,-12.320,33.530,10.220
4227,-0.0207,0.1505,0.9902,-11.970,33.600,10.500
4237,-0.0188,0.1598,0.9540,-8.680,31.430,10.780
4247,-0.0285,0.1647,0.9394,-5.460,27.790,10.150
4257,-0.0705,0.1420,0.9501,-3.570,17.990,4.900
4267,-0.0908,0.1091,0.9689,-3.150,13.580,0.770
4277,-0.0944,0.0949,1.0024,-4.830,10.290,-4.410
4287,-0.0915,0.0825,1.0397,-7.910,7.560,-9.730
4297,-0.0856,0.0864,1.0724,-9.940,4.830,-15.470
4307,-0.0856,0.0864,1.0834,-11.340,2.240,-20.790
4317,-0.1315,0.1183,1.0787,-12.530,-1.540,-29.890
4327,-0.1681,0.1405,1.0756,-12.740,-2.100,-32.900
4337,-0.2140,0.1530,1.0763,-11.900,-1.260,-34.720
4347,-0.2477,0.1581,1.0792,-10.780,0.210,-35.700
4357,-0.2664,0.1537,1.0819,-9.520,2.660,-35.910
4366,-0.2591,0.1420,1.0875,-9.030,5.460,-35.070
4376,-0.2057,0.1293,1.0846,-9.520,10.430,-32.830
4386,-0.1820,0.1440,1.0829,-11.270,12.810,-32.480
4396,-0.1710,0.1730,1.0814,-13.580,14.700,-32.060
4406,-0.1859,0.1981,1.0658,-14.560,17.500,-32.200
4416,-0.1835,0.2213,1.0529,-15.400,21.630,-31.360
4426,-0.1679,0.2460,1.0609,-15.330,26.320,-30.240
4436,-0.1293,0.2525,1.0612,-10.990,35.000,-28.840
4446,-0.1030,0.2560,1.0634,-8.260,38.990,-28.980
4456,-0.0688,0.2433,1.0385,-5.530,42.210,-29.330
4466,-0.0271,0.2399,1.0085,-4.690,42.770,-30.170
4476,0.0307,0.2540,0.9811,-5.460,37.870,-32.200
4486,0.0939,0.2794,0.9553,-7.210,25.830,-35.840
4496,0.1981,0.3699,0.9465,-12.530,-10.500,-42.210
4505,0.2198,0.4097,0.9462,-13.720,-25.480,-42.980
4515,0.2301,0.4214,0.9421,-14.000,-33.110,-41.020
4525,0.2213,0.4031,0.9311,-14.280,-31.710,-36.890
4535,0.2447,0.3704,0.9140,-14.840,-23.100,-30.870
4545,0.2657,0.3348,0.9143,-14.350,-11.970,-22.400
4555,0.3394,0.2547,0.9301,-8.050,8.330,-4.340
4565,0.3477,0.2247,0.9543,-4.200,13.720,4.060
4575,0.3131,0.1918,0.9682,1.540,12.320,9.940
4585,0.2486,0.1401,0.9557,7.840,2.870,13.300
4595,0.1835,0.1093,0.9701,12.390,-10.360,14.560
4605,0.1279,0.0817,0.9967,15.820,-25.480,14.770
4615,0.0510,0.0525,1.0263,21.840,-45.850,14.840
4625,0.0320,0.0364,0.9960,27.300,-46.900,15.470
4635,-0.0027,0.0127,0.9572,34.930,-42.770,16.730
4644,-0.0178,-0.0261,0.9389,41.090,-35.350,18.690
4654,-0.0242,-0.0920,0.9516,44.940,-28.700,20.510
4664,-0.0215,-0.1601,0.9921,43.120,-24.780,21.770
4674,0.0117,-0.2179,1.0660,19.530,-27.930,24.010
4684,0.0249,-0.1549,1.0773,1.470,-31.080,27.720
4694,0.0266,-0.0754,1.0887,-10.430,-32.550,34.440
4704,0.0224,-0.0295,1.0765,-13.370,-31.570,43.190
4714,0.0163,-0.0249,1.0512,-12.250,-27.720,53.340
4724,0.0105,-0.0049,1.0646,-12.390,-21.420,63.560
4734,0.0137,0.0537,1.1346,-14.210,-14.630,79.940
4744,0.0198,0.0571,1.1524,-13.580,-17.080,83.790
4754,0.0346,0.0600,1.1707,-11.690,-23.170,85.960
4764,0.0464,0.0273,1.1524,-7.700,-31.640,87.220
4773,0.0512,-0.0168,1.1034,-4.970,-39.830,86.450
4783,0.0498,-0.0215,1.0734,-5.740,-44.870,84.280
4793,0.0395,-0.0090,1.0033,-10.850,-44.520,77.980
4803,0.0093,0.0041,0.9736,-15.610,-40.460,73.500
4813,-0.0395,0.0415,0.9601,-22.190,-35.910,67.690
4823,-0.0468,0.1176,0.9845,-29.680,-31.500,62.090
4833,-0.0710,0.1667,1.0006,-33.950,-28.560,57.610
4843,-0.0861,0.2140,1.0265,-37.170,-27.230,52.710
4853,-0.1459,0.3270,1.0253,-42.350,-31.990,40.530
4863,-0.1852,0.3899,1.0182,-41.650,-37.590,34.580
4873,-0.2074,0.4433,0.9963,-37.450,-40.180,30.380
4883,-0.2147,0.4778,0.9589,-31.360,-39.130,29.680
4893,-0.2328,0.4765,0.9277,-25.830,-38.080,31.500
4903,-0.3011,0.4707,0.9284,-22.680,-36.750,34.300
4913,-0.4185,0.4294,1.0485,-19.530,-23.170,42.070
4922,-0.4160,0.3792,1.1283,-15.680,-12.950,45.500
4932,-0.4314,0.2984,1.1566,-9.310,-6.860,47.180
4942,-0.4221,0.1893,1.1409,-0.980,-5.740,45.780
4952,-0.4263,0.1222,1.0919,5.530,-7.210,41.930
4962,-0.4038,0.0930,1.0490,9.520,-7.840,36.260
4972,-0.3135,0.0810,0.9043,10.150,-10.150,18.900
4982,-0.3306,0.1035,0.8513,6.930,-19.040,9.380
4992,-0.3967,0.1481,0.8518,3.360,-26.180,0.560
5002,-0.4551,0.1735,0.8774,2.310,-24.220,-6.440
5012,-0.4829,0.1979,0.9384,3.500,-16.100,-10.920
5022,-0.4853,0.1906,1.0492,6.020,-9.870,-13.300
5032,-0.4965,0.1869,1.0636,9.870,-4.760,-17.360
5042,-0.5488,0.1928,1.0941,11.830,-0.420,-18.410
5052,-0.5873,0.2003,1.0992,14.770,6.860,-18.550
5061,-0.6019,0.2091,1.0673,18.060,16.800,-18.060
5071,-0.6044,0.2286,1.0216,20.930,27.790,-17.640
5081,-0.5785,0.3043,0.9621,23.870,39.760,-17.220
5091,-0.5424,0.3318,0.9675,26.810,61.740,-16.660
5101,-0.5165,0.3445,0.9819,26.320,64.680,-16.940
5111,-0.5046,0.3436,0.9926,24.640,61.950,-17.080
5121,-0.4985,0.3055,0.9758,25.200,57.190,-16.870
5131,-0.4775,0.2457,0.9409,27.020,54.250,-15.540
5141,-0.4085,0.1403,0.9338,28.560,53.760,-13.930
5151,-0.3323,0.0959,0.9572,30.450,57.820,-9.730
5161,-0.2847,0.0673,0.9809,31.640,62.090,-8.890
5171,-0.2367,0.0500,0.9970,32.060,65.240,-9.100
5181,-0.1813,0.0317,1.0106,31.150,66.430,-10.710
5191,-0.1418,0.0193,1.0314,28.980,64.610,-12.810
5200,-0.0737,0.0159,1.0675,26.250,59.640,-15.890
5210,-0.0281,0.0120,1.0702,20.020,48.580,-23.730
5220,0.0112,0.0034,1.0621,17.360,42.700,-27.510
5230,0.0451,0.0039,1.0494,14.420,35.980,-30.730
5240,0.0429,0.0090,1.0360,11.830,29.820,-33.250
5250,0.0203,0.0100,1.0226,9.660,24.920,-35.140
5260,-0.0220,0.0449,1.0268,6.440,21.770,-36.680
5270,-0.0537,0.0620,1.0341,-1.400,17.920,-38.500
5280,-0.0820,0.0637,1.0460,-5.600,16.870,-38.780
5290,-0.0976,0.0815,1.0612,-10.920,17.290,-39.900
5300,-0.1003,0.1098,1.0763,-17.010,18.690,-41.580
5310,-0.0986,0.1330,1.0978,-22.400,20.020,-43.890
5320,-0.1242,0.1745,1.1161,-25.340,20.720,-48.510
5330,-0.1515,0.2006,1.1195,-25.970,21.630,-50.120
5339,-0.1703,0.2174,1.1026,-22.820,24.570,-50.960
5349,-0.1742,0.2303,1.0629,-19.040,29.750,-51.940
5359,-0.1549,0.2513,1.0246,-15.470,35.630,-51.940
5369,-0.1159,0.2606,0.9811,-11.900,40.180,-50.820
5379,0.0034,0.2133,0.9126,-7.630,41.650,-44.380
5389,0.0615,0.1845,0.9187,-3.220,38.780,-40.460
5399,0.0930,0.1645,0.9501,-3.430,34.650,-36.820
5409,0.1113,0.1359,0.9831,-3.780,31.010,-32.900
5419,0.1332,0.1098,1.0021,-4.480,29.190,-29.260
5429,0.1613,0.0964,1.0153,-5.950,28.140,-25.900
5439,0.2274,0.0693,1.0214,-9.520,21.980,-21.700
5449,0.2469,0.0666,1.0309,-11.900,16.240,-19.670
5459,0.2586,0.0642,1.0204,-13.020,10.290,-18.270
5469,0.2445,0.0712,1.0180,-14.000,5.180,-17.010
5479,0.2194,0.0730,1.0065,-14.280,1.610,-15.960
5488,0.2011,0.0800,0.9963,-13.580,0.420,-15.820
5498,0.1686,0.0976,0.9677,-10.850,5.600,-15.470
5508,0.1959,0.1022,0.9370,-8.120,10.080,-15.120
5518,0.1957,0.1186,0.9118,-5.740,14.210,-14.280
5528,0.2033,0.1376,0.8977,-3.850,15.540,-13.160
5538,0.2040,0.1632,0.8957,-2.240,13.650,-11.550
5548,0.2023,0.1847,0.9177,-1.190,9.660,-9.730
5558,0.1996,0.1606,1.0011,-0.350,-0.770,-3.640
5568,0.2025,0.1220,1.0424,-1.190,-3.850,0.210
5578,0.2101,0.0917,1.0682,-2.800,-5.250,4.340
5588,0.2286,0.0695,1.0668,-4.200,-5.390,8.960
5598,0.2540,0.0544,1.0343,-5.110,-4.620,14.140
5608,0.2638,0.0525,0.9845,-6.650,-3.710,19.810
5618,0.2699,0.1203,0.9257,-13.090,-6.370,28.490
5627,0.2418,0.1837,0.9414,-15.540,-13.440,30.730
5637,0.2015,0.2298,0.9787,-15.540,-22.050,32.200
5647,0.1469,0.2540,1.0185,-13.020,-28.420,32.480
5657,0.1349,0.2381,1.0353,-7.770,-29.330,31.990
5667,0.1359,0.1969,1.0375,-1.330,-26.320,30.310
5677,0.1791,0.1098,1.0207,8.190,-25.410,25.970
5687,0.2072,0.0905,0.9994,10.290,-30.100,24.780
5697,0.2135,0.0866,0.9921,9.100,-37.240,24.850
5707,0.2050,0.1105,1.0099,6.720,-43.540,25.620
5717,0.1889,0.1127,1.0228,6.020,-46.690,27.370
5727,0.1623,0.1308,1.0343,5.740,-47.950,28.980
5737,0.1225,0.1291,0.9606,6.020,-50.120,29.960
5747,0.1052,0.1352,0.9431,5.040,-54.670,29.540
5756,0.0615,0.1244,0.9516,4.760,-60.200,28.560
5766,0.0212,0.1027,0.9919,3.080,-63.420,27.650
5776,-0.0232,0.1027,1.0453,0.140,-63.840,27.020
5786,-0.0659,0.0925,1.0721,-1.610,-62.090,26.950
5796,-0.1444,0.0676,1.0870,-6.650,-53.550,25.620
5806,-0.1606,0.0590,1.0921,-10.290,-48.860,24.920
5816,-0.1915,0.0625,1.0899,-14.280,-45.010,23.940
5826,-0.2115,0.0720,1.0882,-17.850,-41.650,22.680
5836,-0.2525,0.0920,1.0663,-20.090,-39.340,21.560
5846,-0.2711,0.1215,1.0470,-21.210,-37.940,20.580
5856,-0.3045,0.1740,0.9972,-19.950,-37.450,19.390
5866,-0.3074,0.1911,0.9799,-19.600,-36.820,19.670
5876,-0.3011,0.2045,0.9738,-19.670,-35.210,20.020
5886,-0.3126,0.2289,0.9626,-19.740,-33.740,19.880
5895,-0.3155,0.2452,0.9601,-19.460,-31.640,20.300
5905,-0.3118,0.2560,0.9719,-19.040,-29.330,20.790
5915,-0.3265,0.2655,0.9921,-17.150,-24.290,21.910
5925,-0.3350,0.2628,1.0106,-15.680,-21.420,22.750
5935,-0.3404,0.2508,1.0111,-13.930,-19.040,23.170
5945,-0.3428,0.2386,1.0255,-12.320,-16.170,23.660
5955,-0.3526,0.2264,1.0304,-10.920,-14.140,23.800
5965,-0.3472,0.2257,1.0358,-9.870,-12.110,23.450
5975,-0.3287,0.2262,1.0458,-8.120,-9.870,22.960
5985,-0.3172,0.2338,1.0512,-7.350,-9.800,22.330
5995,-0.3021,0.2342,1.0563,-6.580,-9.590,21.350
6005,-0.3126,0.2357,1.0504,-5.530,-9.170,20.370
6015,-0.3079,0.2430,1.0407,-4.970,-8.680,19.600
6024,-0.3074,0.2528,1.0375,-4.690,-6.650,18.690
6034,-0.3235,0.3089,1.0243,-4.550,-2.100,16.800
6044,-0.3292,0.3438,1.0094,-3.570,-0.420,15.470
6054,-0.3194,0.3523,1.0014,-1.400,1.470,14.140
6064,-0.3194,0.3553,0.9882,1.260,2.380,12.460
6074,-0.3157,0.3592,0.9814,2.450,2.660,10.640
6084,-0.3116,0.3692,0.9833,3.850,2.800,8.050
6094,-0.3443,0.3936,0.9618,9.100,3.920,3.920
6104,-0.3448,0.3987,0.9740,11.900,5.950,2.170
6114,-0.3475,0.3960,0.9716,14.840,8.470,0.350
6124,-0.3401,0.3841,0.9826,17.220,11.130,-1.260
6134,-0.3384,0.3416,0.9965,20.020,13.440,-3.220
6144,-0.3362,0.2862,1.0065,24.080,16.030,-5.740
6154,-0.3418,0.1608,0.9548,31.990,20.790,-10.710
6164,-0.3282,0.1308,0.9333,31.500,21.980,-13.160
6173,-0.3028,0.1132,0.9289,28.000,21.210,-16.030
6183,-0.2699,0.1035,0.9499,23.030,17.780,-18.900
6193,-0.2350,0.1081,0.9923,17.640,12.250,-22.610
6203,-0.1903,0.1279,1.0702,12.390,6.580,-25.690
6213,-0.1874,0.1149,1.0726,9.100,3.430,-28.770
6223,-0.1928,0.0939,1.0660,12.250,6.860,-28.910
6233,-0.1974,0.0630,1.0455,15.540,11.690,-28.630
6243,-0.1984,0.0490,1.0455,16.590,15.540,-28.560
6253,-0.1945,0.0478,1.0612,15.610,18.200,-28.980
6263,-0.1962,0.0656,1.0865,14.630,19.810,-29.470
6273,-0.2089,0.1042,1.1058,11.690,21.420,-30.380
6283,-0.2245,0.1142,1.0919,13.720,22.190,-29.750
6293,-0.2384,0.1227,1.0668,16.240,23.870,-28.980
6303,-0.2406,0.1200,1.0365,18.690,26.460,-28.210
6312,-0.2372,0.1108,1.0075,20.090,28.840,-26.950
6322,-0.2364,0.1054,0.9911,19.600,29.610,-25.690
6332,-0.2355,0.1066,0.9972,14.840,28.070,-22.750
6342,-0.2286,0.1017,0.9984,12.880,27.860,-21.070
6352,-0.2076,0.0888,0.9967,12.180,27.790,-19.390
6362,-0.1754,0.0661,0.9899,11.900,28.140,-17.710
6372,-0.1447,0.0444,0.9833,10.710,27.370,-16.240
6382,-0.0908,0.0071,0.9867,8.890,25.760,-15.050
6392,-0.0649,-0.0073,0.9948,4.830,22.540,-11.620
6402,-0.0315,-0.0234,1.0099,3.640,21.490,-9.660
6412,-0.0051,-0.0417,1.0219,2.450,20.090,-8.050
6422,0.0144,-0.0481,1.0375,0.140,18.900,-6.720
6432,0.0181,-0.0456,1.0436,-2.730,17.850,-5.740
6442,-0.0010,0.0034,1.0509,-6.090,18.410,-5.040
6452,-0.0127,0.0303,1.0519,-12.530,24.640,-6.510
6461,-0.0222,0.0598,1.0443,-16.590,29.120,-9.100
6471,-0.0315,0.0910,1.0446,-20.720,32.830,-12.670
6481,-0.0337,0.1254,1.0429,-24.150,34.300,-17.500
6491,-0.0366,0.1562,1.0365,-26.250,33.600,-22.540
6501,-0.0276,0.2313,1.0431,-27.790,26.670,-31.290
6511,-0.0239,0.2738,1.0580,-28.210,21.840,-34.440
6521,-0.0222,0.3004,1.0590,-26.810,17.500,-36.470
6531,-0.0163,0.3389,1.0675,-24.360,14.490,-36.820
6541,-0.0095,0.3526,1.0668,-19.950,12.180,-35.420
6551,-0.0102,0.3562,1.0621,-14.070,10.010,-32.620
6561,-0.0005,0.2847,1.0153,-0.980,6.090,-24.500
6571,0.0100,0.2450,0.9914,2.660,5.460,-20.720
6581,0.0381,0.2164,0.9882,3.430,6.440,-17.570
6591,0.0593,0.2037,1.0045,3.710,7.350,-14.070
6600,0.0847,0.1740,1.0136,5.460,7.000,-10.360
6610,0.0932,0.1340,1.0133,7.350,5.390,-7.210
6620,0.1008,0.0756,1.0143,7.560,2.380,-1.470
6630,0.1013,0.0771,1.0163,5.250,1.750,0.770
6640,0.0927,0.0866,1.0092,2.030,1.820,2.030
6650,0.0888,0.1057,0.9984,-1.260,3.010,2.660
6660,0.0898,0.1318,0.9897,-4.270,3.920,2.590
6670,0.1005,0.1596,0.9875,-6.020,3.780,2.870
6680,0.1039,0.2064,0.9809,-5.040,-1.120,3.080
6690,0.1008,0.2225,0.9828,-4.480,-4.410,3.080
6700,0.0947,0.2323,0.9906,-4.270,-7.630,2.590
6710,0.0908,0.2469,1.0036,-4.830,-10.500,1.890
6720,0.0795,0.2525,1.0080,-4.830,-13.370,1.470
6730,0.0671,0.2564,1.0138,-5.110,-16.170,1.190
6739,0.0542,0.2591,1.0272,-6.370,-19.950,2.660
6749,0.0459,0.2535,1.0370,-7.280,-21.350,4.060
6759,0.0393,0.2577,1.0560,-7.910,-22.750,6.090
6769,0.0327,0.2298,1.0475,-6.930,-23.520,8.470
6779,0.0305,0.2198,1.0543,-6.090,-23.170,10.710
6789,0.0290,0.2111,1.0594,-4.760,-22.400,13.510
6799,0.0232,0.1854,1.0687,4.130,-22.120,20.230
6809,0.0163,0.1566,1.0612,10.220,-23.240,23.520
6819,0.0083,0.1266,1.0512,15.750,-24.920,26.180
6829,-0.0090,0.1044,1.0424,18.760,-26.880,27.790
6839,-0.0229,0.0739,1.0282,20.370,-28.560,29.190
6849,-0.0505,0.0498,1.0072,21.210,-29.330,29.610
6859,-0.0874,0.0185,0.9958,14.980,-27.090,29.190
6869,-0.1074,0.0137,0.9948,10.570,-25.340,28.840
6878,-0.1210,0.0305,1.0043,5.390,-22.820,28.070
6888,-0.1301,0.0403,0.9989,0.490,-20.650,26.880
6898,-0.1374,0.0795,1.0085,-4.480,-18.340,25.340
6908,-0.1505,0.1154,1.0106,-7.980,-16.730,24.430
6918,-0.1896,0.1708,1.0004,-10.710,-13.790,23.450
6928,-0.2028,0.1859,1.0048,-10.990,-11.900,23.730
6938,-0.2108,0.2035,1.0175,-10.710,-10.430,24.150
6948,-0.2076,0.2033,1.0224,-9.520,-9.660,24.500
6958,-0.1981,0.1915,1.0167,-9.030,-10.080,24.640
6968,-0.1859,0.1993,1.0272,-10.430,-11.060,24.150
6978,-0.1649,0.2120,1.0492,-10.500,-15.260,24.150
6988,-0.1645,0.2203,1.0631,-9.730,-17.150,24.500
6998,-0.1659,0.2159,1.0665,-8.330,-17.850,24.710
7008,-0.1674,0.2137,1.0697,-6.510,-16.730,25.130
7017,-0.1732,0.2128,1.0668,-3.500,-15.120,25.340
7027,-0.1820,0.2035,1.0621,-0.280,-12.810,25.060
7037,-0.1930,0.1730,1.0297,4.410,-7.280,22.540
7047,-0.1954,0.1576,1.0138,4.970,-5.040,20.370
7057,-0.1947,0.1510,1.0070,4.200,-3.290,17.710
7067,-0.1957,0.1484,1.0102,3.220,-2.030,14.980
7077,-0.1979,0.1440,1.0009,2.100,-1.190,11.900
7087,-0.1996,0.1276,0.9828,0.210,-0.700,8.610
7097,-0.2189,0.1371,0.9831,-3.080,-0.840,1.960
7107,-0.2372,0.1535,0.9975,-3.080,-1.330,-0.350
7117,-0.2552,0.1523,0.9994,-1.120,-2.450,-1.960
7127,-0.2701,0.1362,0.9906,1.820,-3.080,-3.430
7137,-0.2743,0.1366,0.9926,3.570,-2.800,-4.550
7147,-0.2765,0.1432,1.0031,4.830,-2.380,-5.110
7156,-0.2718,0.1288,1.0138,9.240,-2.730,-6.090
7166,-0.2628,0.1296,1.0268,9.100,-2.730,-6.510
7176,-0.2525,0.1313,1.0387,8.540,-3.010,-6.930
7186,-0.2435,0.1308,1.0482,8.260,-3.570,-7.000
7196,-0.2401,0.1322,1.0563,7.350,-4.130,-7.280
7206,-0.2372,0.1362,1.0660,6.440,-4.550,-7.770
7216,-0.2294,0.1632,1.0665,3.430,-3.920,-8.540
7226,-0.2152,0.1911,1.0699,2.590,-2.450,-8.890
7236,-0.1952,0.2045,1.0685,2.590,-0.770,-9.030
7246,-0.1813,0.2201,1.0699,3.290,0.350,-9.030
7256,-0.1706,0.2191,1.0692,4.830,0.490,-8.680
7266,-0.1679,0.1857,1.0665,6.790,0.770,-8.330
7276,-0.1708,0.1532,1.0536,10.360,3.150,-8.120
7286,-0.1684,0.1342,1.0490,11.340,5.530,-8.540
7296,-0.1610,0.1127,1.0385,11.970,7.770,-8.890
7306,-0.1476,0.0956,1.0302,11.270,9.240,-9.380
7315,-0.1374,0.0937,1.0204,9.520,9.590,-9.730
7325,-0.1232,0.1247,1.0019,7.630,9.310,-9.310
7335,-0.1244,0.1357,0.9904,7.560,8.120,-7.980
7345,-0.1308,0.1437,0.9843,8.470,8.960,-7.210
7355,-0.1381,0.1381,0.9775,9.870,11.340,-7.000
7365,-0.1425,0.1330,0.9845,10.640,14.070,-7.140
7375,-0.1508,0.1200,0.9987,10.850,15.820,-7.280
7385,-0.1701,0.0795,1.0211,10.150,16.100,-9.100
7395,-0.1767,0.0734,1.0336,3.990,16.590,-10.570
7405,-0.1767,0.0727,1.0429,-0.350,17.150,-12.320
7415,-0.1725,0.0834,1.0468,-3.990,17.360,-14.280
7425,-0.1679,0.0944,1.0451,-6.930,17.360,-16.030
7435,-0.1630,0.1137,1.0494,-9.310,16.590,-17.500
7445,-0.1491,0.1340,1.0407,-10.850,15.120,-19.250
7454,-0.1386,0.1437,1.0368,-11.270,11.830,-19.530
7464,-0.1215,0.1649,1.0502,-11.620,10.290,-19.390
7474,-0.1071,0.1618,1.0485,-10.430,8.540,-18.900
7484,-0.0947,0.1654,1.0519,-8.400,6.790,-18.410
7494,-0.0839,0.1608,1.0497,-6.020,4.830,-17.710
7504,-0.0749,0.1398,1.0346,-3.710,1.400,-17.080
7514,-0.0683,0.1386,1.0350,-1.750,0.140,-16.870
7524,-0.0600,0.1405,1.0397,-1.330,-0.630,-16.940
7534,-0.0578,0.1437,1.0443,-1.330,-1.260,-17.570
7544,-0.0610,0.1579,1.0568,-1.890,-1.610,-18.480
7554,-0.0647,0.1815,1.0731,-2.310,-1.400,-19.390
7564,-0.0993,0.1991,1.0768,-1.610,-0.280,-20.580
7574,-0.1179,0.2057,1.0768,0.630,1.680,-20.860
7583,-0.1291,0.2052,1.0731,1.610,4.550,-20.860
7593,-0.1313,0.1993,1.0665,1.960,7.910,-21.070
7603,-0.1276,0.1947,1.0609,1.260,11.130,-21.910
7613,-0.1235,0.1993,1.0516,0.000,13.860,-23.100
7623,-0.1281,0.2103,1.0209,-1.330,15.120,-24.080
7633,-0.1281,0.2091,1.0050,-1.260,13.860,-23.590
7643,-0.1264,0.2054,0.9958,-1.050,12.110,-21.770
7653,-0.1215,0.1869,0.9797,0.210,9.940,-19.460
7663,-0.1118,0.1728,0.9738,-0.070,8.540,-16.870
7673,-0.0981,0.1659,0.9745,-0.770,7.910,-13.860
7683,-0.0739,0.1613,0.9889,-2.660,7.350,-8.610
7693,-0.0683,0.1564,0.9921,-3.360,6.860,-6.580
7703,-0.0651,0.1537,1.0031,-4.480,6.930,-4.760
7712,-0.0647,0.1508,1.0226,-5.600,7.000,-3.010
7722,-0.0666,0.1396,1.0531,-7.000,7.420,-2.030
7732,-0.0627,0.1186,1.0997,-8.190,8.260,-1.960
7742,-0.0356,0.1022,1.2112,-14.420,9.800,-1.540
7752,-0.0356,0.1442,1.2542,-20.230,9.730,-1.400
7762,-0.0266,0.1979,1.2503,-23.870,9.730,-0.630
7772,-0.0007,0.2411,1.1827,-21.770,10.360,-0.280
7782,0.0325,0.2425,1.0726,-13.930,9.240,0.000
7792,0.0454,0.2157,0.9582,-3.850,6.370,0.140
7802,0.0227,0.1579,0.8352,10.640,0.420,0.700
7812,0.0002,0.1667,0.8535,13.300,-2.030,0.770
7822,-0.0207,0.1405,0.8599,16.030,-4.830,0.770
7832,-0.0522,0.1010,0.8630,17.080,-7.910,0.000
7841,-0.0695,0.0947,0.9023,13.510,-9.870,-0.910
7851,-0.0832,0.0783,0.9418,8.680,-11.200,-1.610
7861,-0.0893,0.0717,1.0241,-2.030,-9.380,-1.470
7871,-0.0825,0.0756,1.0331,-4.340,-7.560,-0.490
7881,-0.0810,0.0878,1.0358,-5.040,-5.880,0.490
7891,-0.0817,0.1208,1.0487,-5.180,-4.760,1.610
7901,-0.0837,0.1452,1.0533,-4.760,-3.780,2.800
7911,-0.0917,0.1649,1.0455,-4.620,-2.590,3.710
7921,-0.0864,0.1957,1.0204,-5.600,-1.820,6.440
7931,-0.0788,0.1952,0.9963,-4.760,-1.820,8.330
7941,-0.0705,0.1908,0.9758,-3.360,-1.540,10.920
7951,-0.0649,0.1730,0.9572,-1.540,-0.910,13.790
7960,-0.0608,0.1679,0.9589,-0.280,-0.210,15.960
7970,-0.0590,0.1547,0.9579,1.120,-0.420,17.710
7980,-0.0547,0.1403,0.9909,3.220,-2.660,20.020
7990,-0.0488,0.1252,1.0163,4.060,-4.550,20.440
8000,-0.0461,0.1015,1.0514,3.990,-6.790,21.210
8010,-0.0420,0.0630,1.0843,3.220,-9.590,21.700
8020,-0.0454,0.0361,1.1278,1.050,-12.810,22.120
8030,-0.0515,0.0261,1.1675,-1.750,-15.330,23.240
8040,-0.0612,0.0271,1.1509,-3.290,-14.840,26.740
8050,-0.0544,0.0373,1.1129,-2.030,-11.200,29.610
8060,-0.0351,0.0510,1.0680,0.070,-6.790,32.760
8070,-0.0127,0.0605,1.0299,1.680,-3.080,35.980
8079,0.0105,0.0700,1.0036,2.100,-1.540,38.360
8089,0.0293,0.0788,0.9870,1.610,-1.960,40.110
8099,0.0383,0.1066,0.9826,-2.240,-7.210,42.350
8109,0.0315,0.1144,0.9782,-3.920,-9.870,43.400
8119,0.0239,0.1210,0.9750,-5.180,-11.970,44.240
8129,0.0124,0.1313,0.9780,-6.440,-14.000,44.170
8139,0.0005,0.1442,0.9814,-7.280,-16.030,43.190
8149,-0.0098,0.1540,0.9889,-7.350,-18.620,40.810
8159,-0.0346,0.1923,1.0165,-6.580,-23.870,34.440
8169,-0.0551,0.2103,1.0331,-5.320,-25.830,30.380
8179,-0.0764,0.2220,1.0448,-3.500,-26.600,26.390
8189,-0.1032,0.2233,1.0538,-1.190,-26.320,22.470
8199,-0.1383,0.2208,1.0570,0.910,-25.620,18.760
8208,-0.1749,0.2174,1.0551,2.520,-24.150,15.190
8218,-0.2472,0.2335,1.0541,2.870,-18.970,7.420
8228,-0.2784,0.2506,1.0573,2.520,-16.450,4.130
8238,-0.3096,0.2621,1.0599,2.450,-13.860,0.980
8248,-0.3314,0.2611,1.0546,2.870,-11.620,-1.890
8258,-0.3482,0.2535,1.0470,3.010,-9.590,-5.040
8268,-0.3675,0.2547,1.0397,2.660,-8.470,-8.260
8278,-0.4163,0.2216,1.0058,1.400,-8.750,-14.210
8288,-0.4436,0.2281,1.0248,-1.050,-9.660,-16.520
8298,-0.4682,0.2218,1.0404,-2.380,-10.570,-17.850
8308,-0.4860,0.2250,1.0565,-3.010,-11.060,-19.040
8318,-0.4941,0.2133,1.0494,-3.150,-10.500,-20.160
8328,-0.4824,0.2181,1.0441,-3.920,-8.470,-21.490
8338,-0.4202,0.2438,1.0346,-2.870,-3.570,-21.490
8348,-0.3911,0.2223,1.0058,1.190,-1.680,-20.860
8357,-0.3689,0.1974,0.9902,4.900,0.980,-19.810
8367,-0.3470,0.1696,0.9841,7.840,4.690,-18.480
8377,-0.3314,0.1449,0.9862,9.940,9.030,-17.010
8387,-0.3104,0.1271,0.9921,11.200,13.090,-15.470
8397,-0.2552,0.1252,1.0138,10.640,19.180,-12.110
8407,-0.2255,0.1279,1.0192,10.430,21.700,-10.500
8417,-0.1947,0.1210,1.0243,10.220,23.310,-9.450
8427,-0.1681,0.1081,1.0268,9.590,24.080,-8.960
8437,-0.1423,0.0949,1.0311,8.190,24.080,-8.750
8447,-0.1127,0.0888,1.0433,6.370,23.240,-8.680
8457,-0.0637,0.0969,1.0514,1.680,19.250,-7.560
8467,-0.0425,0.1044,1.0475,-0.140,17.010,-6.580
8477,-0.0285,0.1237,1.0433,-1.260,15.470,-5.740
8487,-0.0176,0.1352,1.0299,-1.050,14.420,-4.760
8497,-0.0166,0.1464,1.0114,0.000,13.720,-3.640
8506,-0.0122,0.1493,0.9938,1.680,13.580,-2.380
8516,-0.0046,0.1374,0.9801,5.530,12.600,-1.050
8526,-0.0051,0.1259,0.9789,7.280,11.480,-0.770
8536,-0.0102,0.1161,0.9814,8.470,9.940,-1.050
8546,-0.0190,0.1005,0.9843,9.660,8.260,-1.960
8556,-0.0342,0.0895,0.9892,10.430,7.000,-3.150
8566,-0.0495,0.0810,1.0616,10.430,5.600,-4.830
8576,-0.0913,0.0710,1.0255,8.820,3.640,-9.030
8586,-0.1098,0.0795,1.0509,7.000,3.500,-11.410
8596,-0.1261,0.0874,1.0697,5.530,3.290,-13.720
8606,-0.1374,0.0881,1.0841,4.620,3.360,-15.750
8616,-0.1488,0.0956,1.0919,3.430,3.500,-17.710
8626,-0.1574,0.1264,1.0982,1.610,4.410,-19.180
8636,-0.1552,0.1481,1.1000,-2.380,6.090,-21.000
8646,-0.1552,0.1691,1.0992,-4.060,6.650,-21.700
8655,-0.1584,0.1967,1.0960,-5.530,6.790,-21.560
8665,-0.1593,0.2162,1.0960,-5.670,7.140,-20.790
8675,-0.1581,0.2272,1.0821,-4.900,7.770,-20.090
8685,-0.1364,0.2372,1.0602,-4.830,9.380,-19.250
8695,-0.1183,0.2381,1.0494,-5.180,14.420,-19.180
8705,-0.1020,0.2389,1.0409,-5.110,15.750,-19.530
8715,-0.0861,0.2294,1.0263,-4.060,15.680,-19.530
8725,-0.0688,0.2094,1.0114,-2.240,14.350,-19.460
8735,-0.0544,0.1876,0.9984,-1.120,11.830,-18.760
8745,-0.0378,0.1542,0.9801,-0.630,9.100,-17.430
8755,-0.0315,0.1505,0.9799,-1.190,4.200,-15.750
8765,-0.0278,0.1410,0.9750,-0.910,1.820,-14.560
8775,-0.0268,0.1347,0.9721,-1.190,-0.350,-12.950
8785,-0.0281,0.1398,0.9789,-1.960,-2.100,-11.060
8795,-0.0334,0.1444,0.9892,-2.660,-3.150,-9.240
8804,-0.0493,0.1562,1.0163,-2.730,-3.430,-6.720
8814,-0.0576,0.1479,1.0272,-0.770,-2.660,-5.740
8824,-0.0637,0.1364,1.0331,-0.350,-1.750,-5.110
8834,-0.0686,0.1337,1.0502,-0.560,-0.490,-4.690
8844,-0.0700,0.1105,1.0529,-0.070,0.420,-3.850
8854,-0.0664,0.0915,1.0541,-0.210,1.750,-3.780
8864,-0.0583,0.0795,1.0787,-1.610,1.260,-2.030
8874,-0.0571,0.0673,1.0780,-2.100,0.490,-1.400
8884,-0.0537,0.0803,1.0919,-4.620,-0.210,-0.420
8894,-0.0517,0.0888,1.0975,-6.370,-0.630,0.630
8904,-0.0486,0.0978,1.1014,-7.560,-0.630,1.190
8914,-0.0432,0.1149,1.1026,-8.610,0.350,1.960
8924,-0.0278,0.1364,1.0912,-7.420,1.820,3.150
8934,-0.0268,0.1447,1.0841,-6.090,1.540,3.640
8944,-0.0242,0.1554,1.0797,-3.780,0.140,4.060
8953,-0.0249,0.1423,1.0585,0.350,-1.890,4.830
8963,-0.0288,0.1301,1.0409,3.780,-3.500,5.530
8973,-0.0295,0.1122,1.0265,6.300,-5.180,6.440
8983,-0.0390,0.0605,0.9880,7.140,-7.840,8.260
8993,-0.0432,0.0527,0.9916,4.830,-7.840,9.380
9003,-0.0500,0.0395,0.9889,2.730,-7.000,10.150
9013,-0.0561,0.0439,1.0085,-1.610,-5.810,10.990
9023,-0.0659,0.0656,1.0429,-6.650,-4.480,12.460
9033,-0.0842,0.1005,1.0731,-10.710,-3.150,14.070
9043,-0.1247,0.1654,1.0831,-10.080,2.310,17.360
9053,-0.1335,0.1715,1.0443,-5.390,5.810,17.780
9063,-0.1325,0.1532,0.9753,0.140,6.860,16.870
9073,-0.1301,0.1444,0.9257,3.080,4.480,15.190
9082,-0.1271,0.1369,0.9045,3.080,-0.490,13.370
9092,-0.1332,0.1371,0.9104,1.750,-6.230,11.900
9102,-0.1374,0.1252,0.9704,-2.100,-13.160,10.430
9112,-0.1308,0.1139,0.9984,-3.780,-13.510,10.990
9122,-0.1193,0.1027,1.0158,-5.670,-12.180,11.760
9132,-0.1025,0.1303,1.0541,-8.750,-10.500,12.670
9142,-0.0827,0.1432,1.0697,-9.730,-8.890,14.210
9152,-0.0651,0.1610,1.0765,-9.730,-7.560,15.050
9162,-0.0439,0.1947,1.0843,-7.840,-5.390,15.680
9172,-0.0500,0.1984,1.0751,-5.390,-4.550,15.610
9182,-0.0576,0.2018,1.0614,-2.730,-3.500,14.770
9192,-0.0681,0.2018,1.0372,-0.490,-2.310,14.280
9202,-0.0744,0.2011,1.0109,0.840,-1.260,13.300
9211,-0.0822,0.2020,0.9938,0.910,-1.260,12.110
9221,-0.1042,0.2135,0.9872,0.210,-4.760,10.710
9231,-0.1169,0.2133,0.9919,0.630,-7.630,10.290
9241,-0.1305,0.2172,1.0050,1.190,-10.080,9.870
9251,-0.1408,0.2157,1.0033,2.100,-12.250,9.730
9261,-0.1505,0.2174,0.9960,3.010,-13.510,9.240
9271,-0.1593,0.2242,0.9919,3.290,-13.580,8.260
9281,-0.1791,0.2147,0.9916,3.780,-11.410,6.090
9291,-0.1896,0.2208,1.0048,3.220,-9.800,4.550
9301,-0.1984,0.2113,1.0138,3.430,-7.980,3.640
9311,-0.2137,0.1742,0.9972,4.830,-5.670,2.380
9321,-0.2191,0.1730,1.0077,4.620,-3.290,1.190
9331,-0.2250,0.1347,0.9877,5.040,-1.470,0.560
9341,-0.2250,0.0900,0.9736,4.340,1.890,-1.680
9350,-0.2211,0.0930,0.9862,2.590,2.940,-2.660
9360,-0.2152,0.0988,0.9987,2.030,2.800,-3.080
9370,-0.2108,0.0978,1.0114,2.590,2.030,-3.010
9380,-0.2079,0.0991,1.0209,3.640,0.910,-2.940
9390,-0.2008,0.1069,1.0377,3.640,0.280,-2.730
9400,-0.1889,0.1249,1.0573,4.900,-0.770,-1.890
9410,-0.1830,0.1296,1.0590,5.390,-0.980,-1.610
9420,-0.1798,0.1371,1.0585,5.320,-0.770,-1.330
9430,-0.1742,0.1437,1.0585,4.970,-0.140,-0.910
9440,-0.1696,0.1476,1.0597,4.620,0.350,-0.840
9450,-0.1664,0.1462,1.0607,4.690,0.700,-0.630
9460,-0.1620,0.1344,1.0658,4.410,1.260,-0.210
9470,-0.1598,0.1249,1.0660,4.270,1.330,-0.350
9480,-0.1598,0.1154,1.0641,4.270,1.610,-0.980
9490,-0.1579,0.1091,1.0638,4.340,1.540,-1.330
9499,-0.1540,0.1008,1.0604,4.900,1.540,-1.890
9509,-0.1525,0.0913,1.0577,5.810,1.330,-2.310
9519,-0.1476,0.0813,1.0563,6.860,0.490,-3.290
9529,-0.1420,0.0820,1.0604,6.440,-0.140,-3.850
9539,-0.1381,0.0869,1.0616,6.020,-0.630,-4.340
9549,-0.1315,0.1057,1.0668,5.180,-0.980,-4.830
9559,-0.1261,0.1244,1.0738,4.690,-1.190,-4.760
9569,-0.1218,0.1322,1.0670,5.180,-1.610,-4.270
9579,-0.1171,0.1591,1.0719,3.290,-1.050,-3.430
9589,-0.1103,0.1857,1.0921,1.890,-0.210,-2.800
9599,-0.1088,0.1996,1.1024,0.910,0.980,-2.030
9609,-0.1078,0.2059,1.1039,0.070,1.820,-1.960
9619,-0.1047,0.2042,1.0948,-1.820,2.380,-2.310
9629,-0.0925,0.2379,1.0843,-5.250,2.940,-3.640
9639,-0.0813,0.2428,1.0612,-10.220,2.450,-6.790
9648,-0.0742,0.2328,1.0209,-9.870,0.980,-8.190
9658,-0.0661,0.2152,0.9860,-9.030,-1.190,-9.030
9668,-0.0671,0.1967,0.9611,-7.140,-3.570,-9.380
9678,-0.0644,0.1813,0.9487,-4.270,-4.900,-9.240
9688,-0.0544,0.1393,0.9443,-0.700,-5.110,-8.540
9698,-0.0490,0.1271,0.9577,7.980,-5.250,-4.760
9708,-0.0542,0.0800,0.9465,11.270,-5.390,-2.870
9718,-0.0659,0.0656,0.9758,11.760,-4.550,-1.820
9728,-0.0803,0.0449,0.9999,10.920,-3.290,-0.980
9738,-0.0886,0.0151,1.0180,9.730,-1.750,-0.420
9748,-0.0813,-0.0029,1.0443,6.860,0.140,-0.560
9758,-0.0786,0.0403,1.0621,-3.010,2.800,-0.910
9768,-0.0788,0.0876,1.0626,-4.830,1.890,-0.630
9778,-0.0898,0.1118,1.0436,-2.730,0.280,0.210
9788,-0.1049,0.1347,1.0289,0.490,-1.470,1.120
9798,-0.1183,0.1398,1.0219,3.850,-2.730,1.680
9807,-0.1318,0.1010,1.0004,6.860,-2.520,1.960
9817,-0.1313,0.0930,1.0102,4.830,-2.170,1.330
9827,-0.1362,0.0881,1.0294,2.660,-2.450,0.630
9837,-0.1462,0.0859,1.0487,0.840,-3.360,0.210
9847,-0.1627,0.0908,1.0660,-0.840,-3.220,0.140
9857,-0.1798,0.0996,1.0768,-2.030,-1.820,0.280
9867,-0.2079,0.1003,1.0738,-1.610,2.450,0.140
9877,-0.2162,0.0935,1.0653,-0.910,3.710,0.420
9887,-0.2196,0.0810,1.0480,-0.280,3.710,0.280
9897,-0.2176,0.0725,1.0382,-0.140,3.290,0.000
9907,-0.2157,0.0734,1.0321,-0.560,2.590,0.070
9917,-0.2111,0.0759,1.0326,-0.770,1.610,-0.070
9927,-0.2084,0.0698,1.0285,-0.490,0.630,0.280
9937,-0.2084,0.0764,1.0404,-0.910,0.840,0.350
9947,-0.2098,0.0642,1.0402,-0.490,0.910,0.700
9956,-0.2123,0.0544,1.0426,-1.470,1.610,0.630
9966,-0.2086,0.0547,1.0516,-3.430,2.450,0.560
9976,-0.2042,0.0517,1.0499,-5.530,3.570,0.840
9986,-0.1796,0.0737,1.0541,-8.750,4.760,0.980
9996,-0.1618,0.0864,1.0426,-8.750,4.690,1.330
10006,-0.1449,0.1115,1.0299,-8.750,4.130,1.540
10016,-0.1310,0.1347,1.0175,-7.630,3.150,1.750
10026,-0.1132,0.1510,1.0124,-6.160,2.240,1.960
10036,-0.1054,0.1623,1.0002,-4.620,1.610,1.890
10046,-0.0908,0.1969,1.0060,-3.360,2.240,2.100
10056,-0.0856,0.2150,1.0104,-3.150,2.800,2.520
10066,-0.0776,0.2269,1.0158,-2.940,3.570,2.660
10076,-0.0717,0.2333,1.0216,-2.940,4.480,2.800
10086,-0.0708,0.2386,1.0299,-2.520,5.040,2.240
10096,-0.0703,0.2367,1.0348,-1.540,5.110,2.030
10106,-0.0793,0.2067,1.0321,1.120,3.360,1.050
10115,-0.0834,0.1915,1.0360,1.750,2.730,0.700
10125,-0.0859,0.1774,1.0372,2.030,2.170,0.350
10135,-0.0839,0.1679,1.0436,2.380,2.030,0.070
10145,-0.0808,0.1581,1.0477,2.450,2.170,-0.210
10155,-0.0808,0.1462,1.0480,2.450,2.100,-0.420
10165,-0.0820,0.1474,1.0592,-0.140,3.220,-1.050
10175,-0.0783,0.1557,1.0651,-1.610,3.640,-1.330
10185,-0.0747,0.1630,1.0665,-2.660,3.500,-1.820
10195,-0.0712,0.1688,1.0641,-3.850,3.220,-2.450
10205,-0.0734,0.1764,1.0594,-4.900,2.310,-3.360
10215,-0.0756,0.1859,1.0426,-6.020,1.470,-3.990
10225,-0.0644,0.2128,0.9980,-6.440,1.470,-4.900
10235,-0.0551,0.2289,0.9899,-5.880,1.330,-4.970
10245,-0.0488,0.2389,0.9960,-4.410,0.140,-5.460
10255,-0.0486,0.2345,1.0067,-2.590,-1.820,-5.320
10264,-0.0605,0.2240,1.0282,-1.190,-4.130,-4.900
10274,-0.0788,0.2079,1.0568,0.140,-6.160,-3.920
10284,-0.1230,0.1203,1.0741,7.770,-7.280,-1.750
10294,-0.1386,0.0605,1.0673,10.150,-6.860,-1.190
10304,-0.1493,0.0246,1.0636,10.710,-5.740,-0.840
10314,-0.1549,-0.0146,1.0407,10.010,-4.270,-0.770
10324,-0.1569,-0.0283,1.0258,7.560,-2.730,-1.470
10334,-0.1601,-0.0256,1.0165,3.920,-1.330,-2.030
10344,-0.1645,0.0032,1.0085,-2.380,-0.420,-1.680
10354,-0.1642,0.0300,1.0021,-3.780,-1.120,-0.700
10364,-0.1659,0.0661,1.0092,-4.340,-2.100,0.560
10374,-0.1686,0.0861,1.0102,-3.570,-3.640,1.890
10384,-0.1762,0.1010,1.0133,-2.380,-4.200,3.010
10394,-0.1798,0.1259,1.0348,-1.820,-3.920,3.780
10403,-0.1808,0.1293,1.0438,-0.140,-1.680,4.130
10413,-0.1757,0.1259,1.0475,0.490,-0.490,3.710
10423,-0.1713,0.1259,1.0538,0.630,0.350,3.220
10433,-0.1657,0.1257,1.0582,1.050,0.910,2.940
10443,-0.1642,0.1210,1.0577,1.820,0.770,2.730
10453,-0.1613,0.1037,1.0599,2.380,-0.070,2.730
10463,-0.1615,0.0942,1.0592,4.410,-0.840,2.800
10473,-0.1613,0.0808,1.0560,4.550,-0.840,3.080
10483,-0.1606,0.0744,1.0558,4.200,-0.910,3.570
10493,-0.1591,0.0695,1.0497,3.500,-1.050,3.990
10503,-0.1554,0.0698,1.0446,2.170,-0.630,4.690
10513,-0.1447,0.0717,1.0358,0.840,-0.140,5.110
10523,-0.1359,0.0766,1.0280,-2.450,0.560,5.530
10533,-0.1286,0.0830,1.0209,-4.200,1.260,5.600
10542,-0.1225,0.0949,1.0182,-5.530,1.890,5.320
10552,-0.1169,0.1071,1.0158,-6.790,2.310,4.970
10562,-0.1096,0.1235,1.0175,-7.840,2.940,4.690
10572,-0.0988,0.1537,1.0246,-7.770,3.150,3.990
10582,-0.0939,0.1645,1.0275,-6.300,2.800,2.870
10592,-0.0922,0.1676,1.0216,-5.250,2.240,2.170
10602,-0.0881,0.1767,1.0272,-4.690,1.820,1.470
10612,-0.0861,0.1832,1.0297,-4.480,1.330,0.770
10622,-0.0883,0.1918,1.0350,-4.130,1.120,0.350
10632,-0.0920,0.1986,1.0416,-3.850,0.980,-0.070
10642,-0.0927,0.1993,1.0490,-1.820,0.770,-0.140
10652,-0.0961,0.1854,1.0460,-0.420,0.560,-0.070
10662,-0.0991,0.1579,1.0380,0.840,0.630,-0.560
10672,-0.0991,0.1442,1.0455,0.630,0.630,-0.980
10682,-0.1000,0.1247,1.0472,0.910,0.280,-1.470
10691,-0.1142,0.0913,1.0577,0.630,-0.910,-2.100
10701,-0.1210,0.0742,1.0516,-0.560,-1.890,-1.960
10711,-0.1257,0.0798,1.0543,-2.240,-1.750,-1.960
10721,-0.1252,0.0937,1.0555,-3.920,-1.750,-2.100
10731,-0.1232,0.1083,1.0448,-5.320,-1.610,-2.030
10741,-0.1164,0.1408,1.0499,-7.070,-0.910,-2.170
10751,-0.1061,0.1769,1.0289,-7.420,-1.260,-2.590
10761,-0.1032,0.1879,1.0170,-7.140,-1.400,-2.940
10771,-0.0976,0.2047,1.0150,-6.930,-1.330,-2.800
10781,-0.0964,0.2147,1.0121,-6.160,-1.540,-2.870
10791,-0.0949,0.2272,1.0150,-4.830,-1.540,-2.800
10801,-0.0930,0.2362,1.0167,-3.290,-2.100,-2.660
10811,-0.0974,0.2611,1.0280,-0.840,-2.940,-2.940
10821,-0.1027,0.2540,1.0153,0.210,-3.290,-3.220
10831,-0.1093,0.2599,1.0167,-0.700,-2.730,-4.270
10840,-0.1188,0.2762,1.0246,-2.380,-1.890,-5.320
10850,-0.1301,0.2769,1.0214,-2.590,-1.470,-5.740
10860,-0.1415,0.2760,1.0199,-2.940,-0.700,-5.670
10870,-0.1549,0.2784,1.0365,-3.570,1.470,-4.900
10880,-0.1635,0.2696,1.0448,-2.940,2.100,-4.130
10890,-0.1635,0.2645,1.0551,-1.750,2.170,-2.870
10900,-0.1693,0.2237,1.0429,-0.210,1.890,-2.030
10910,-0.1688,0.2133,1.0604,-0.700,2.240,-1.960
10920,-0.1701,0.2025,1.0780,-0.980,2.100,-1.330
10930,-0.1793,0.1305,1.0731,1.610,0.420,-0.700
10940,-0.1864,0.1225,1.0765,1.050,0.490,-0.840
10950,-0.1940,0.0905,1.0524,1.960,0.700,-0.980
10960,-0.1896,0.0759,1.0368,1.960,1.820,-1.330
10970,-0.1669,0.0791,1.0336,2.380,3.780,-1.330
10980,-0.1501,0.0620,1.0036,4.200,5.320,-1.190
10989,-0.1022,0.0471,0.9814,4.200,6.230,-1.330
10999,-0.0944,0.0573,0.9919,3.640,4.760,-0.980
11009,-0.0856,0.0554,1.0009,3.570,2.800,0.140
11019,-0.0795,0.0569,1.0094,3.780,1.120,1.050
11029,-0.0764,0.0554,1.0165,4.270,-0.420,2.170
11039,-0.0734,0.0610,1.0314,5.950,-0.840,2.590
11049,-0.0732,0.0549,1.0475,7.700,-0.840,3.850
11059,-0.0754,0.0561,1.0577,7.910,-0.700,3.920
11069,-0.0791,0.0612,1.0648,7.350,0.070,3.850
11079,-0.0878,0.0654,1.0655,7.210,0.630,3.080
11089,-0.0947,0.0644,1.0529,7.840,0.980,2.520
11099,-0.0976,0.0676,1.0272,7.280,1.260,1.890
11109,-0.0956,0.0874,0.9989,5.110,-1.820,0.630
11119,-0.1078,0.0905,1.0045,3.710,-3.920,0.000
11129,-0.1210,0.1032,1.0270,2.380,-4.480,-0.140
11138,-0.1371,0.1013,1.0394,2.870,-3.990,0.210
11148,-0.1474,0.0871,1.0360,4.620,-2.870,0.770
11158,-0.1540,0.0847,1.0348,4.760,-2.030,1.330
11168,-0.1554,0.1057,1.0465,4.200,-1.890,2.100
11178,-0.1535,0.1108,1.0519,4.340,-2.380,2.310
11188,-0.1496,0.1171,1.0521,4.060,-2.380,2.310
11198,-0.1454,0.1281,1.0533,2.800,-2.450,2.240
11208,-0.1454,0.1291,1.0453,2.100,-1.680,2.450
11218,-0.1442,0.1240,1.0377,1.260,-0.350,2.660
11228,-0.1388,0.0993,1.0277,-0.630,2.730,3.430
11238,-0.1354,0.0935,1.0280,-1.960,3.710,3.570
11248,-0.1269,0.0861,1.0309,-3.360,4.130,3.500
11258,-0.1188,0.0939,1.0429,-4.480,4.200,2.940
11268,-0.1115,0.0986,1.0460,-5.040,3.360,2.100
11277,-0.1118,0.1154,1.0463,-4.830,2.310,0.910
11287,-0.1186,0.1096,1.0363,-1.260,0.280,-0.490
11297,-0.1254,0.1074,1.0324,-0.350,-0.070,-0.910
11307,-0.1259,0.1030,1.0280,0.000,-0.490,-0.910
11317,-0.1286,0.1017,1.0265,-0.280,-0.700,-0.840
11327,-0.1308,0.0974,1.0219,-1.190,-1.330,-1.050
11337,-0.1369,0.0883,1.0292,-2.240,-1.470,-0.840
11347,-0.1405,0.0817,1.0399,-3.990,-1.050,-0.490
11357,-0.1447,0.0715,1.0482,-4.480,-0.630,-0.280
11367,-0.1488,0.0752,1.0582,-5.110,0.000,-0.210
11377,-0.1491,0.0786,1.0582,-5.390,0.490,-0.140
11387,-0.1440,0.0930,1.0492,-5.530,0.980,-0.210
11396,-0.1276,0.1418,1.0153,-4.970,0.840,-0.490
11406,-0.1159,0.1645,1.0033,-3.500,-1.190,0.070
11416,-0.1113,0.1774,0.9904,-3.430,-1.820,0.700
11426,-0.1110,0.1940,0.9902,-4.410,-2.030,1.050
11436,-0.1100,0.2203,1.0065,-5.810,-1.680,1.750
11446,-0.1108,0.2255,1.0092,-6.230,-1.470,2.660
11456,-0.1066,0.2467,1.0329,-7.070,-0.140,3.220
11466,-0.1027,0.2496,1.0375,-5.600,1.330,3.150
11476,-0.1003,0.2433,1.0348,-3.640,1.890,2.730
11486,-0.1032,0.2403,1.0346,-1.330,2.170,1.750
11496,-0.0991,0.2286,1.0338,0.350,2.310,0.770
11506,-0.1022,0.2198,1.0392,1.120,2.380,-0.630
11515,-0.0969,0.2054,1.0404,1.680,2.030,-2.030
11525,-0.0935,0.2059,1.0402,-0.210,0.980,-4.410
11535,-0.0874,0.2067,1.0377,-1.260,0.560,-5.180
11545,-0.0864,0.2133,1.0365,-2.520,0.210,-6.090
11555,-0.0856,0.2196,1.0350,-3.920,0.490,-6.230
11565,-0.0861,0.2284,1.0348,-4.900,1.120,-6.020
11575,-0.0881,0.2450,1.0368,-5.670,1.890,-5.530
11585,-0.0927,0.2328,1.0294,-4.060,3.430,-4.410
11595,-0.0971,0.2208,1.0297,-2.870,4.130,-3.780
11605,-0.1010,0.2111,1.0368,-1.960,4.130,-3.710
11615,-0.1042,0.2018,1.0541,0.000,3.360,-3.360
11625,-0.1069,0.1640,1.0470,3.360,1.890,-3.220
11635,-0.1120,0.1381,1.0690,4.270,0.420,-3.220
11644,-0.1171,0.1301,1.0751,6.020,-2.730,-2.520
11654,-0.1157,0.1213,1.0807,7.770,-3.920,-2.310
11664,-0.1171,0.0974,1.0687,9.030,-4.480,-2.100
11674,-0.1171,0.0810,1.0563,9.520,-4.410,-1.610
11684,-0.1179,0.0817,1.0455,9.800,-3.990,-1.680
11694,-0.1113,0.0700,1.0233,9.380,-3.570,-1.540
11704,-0.1164,0.0605,0.9999,8.820,-3.990,-1.330
11714,-0.1183,0.0617,0.9938,6.720,-3.640,-1.610
11724,-0.1257,0.0686,1.0006,3.990,-3.850,-1.750
11734,-0.1366,0.0813,1.0094,2.240,-4.200,-1.540
11744,-0.1437,0.0895,1.0119,0.490,-4.130,-1.050
11754,-0.1530,0.0991,1.0404,-1.330,-3.290,-0.840
11764,-0.1501,0.0734,1.0377,-0.910,-0.560,0.140
11773,-0.1515,0.0600,1.0438,0.280,0.980,0.560
11783,-0.1420,0.0339,1.0419,2.450,1.820,1.260
11793,-0.1437,0.0139,1.0355,3.780,2.170,1.750
11803,-0.1464,0.0246,1.0548,3.570,2.030,2.100
11813,-0.1635,-0.0237,1.0368,5.180,0.770,2.730
11823,-0.1647,-0.0246,1.0460,3.150,-1.750,2.800
11833,-0.1588,-0.0122,1.0675,0.140,-3.080,3.010
11843,-0.1498,0.0007,1.0838,-1.400,-5.250,3.290
11853,-0.1459,0.0149,1.0882,-2.590,-8.050,3.290
11863,-0.1413,0.0461,1.0834,-4.620,-10.010,3.430
11873,-0.1076,0.1379,1.0470,-6.510,-11.550,3.710
11883,-0.0798,0.1803,1.0275,-5.320,-13.930,4.480
11893,-0.0608,0.2006,1.0255,-1.820,-15.330,5.180
11902,-0.0637,0.2196,1.0516,0.770,-16.450,5.740
11912,-0.0874,0.2386,1.0719,2.170,-15.120,6.300
11922,-0.1205,0.2503,1.0712,3.780,-10.290,5.810
11932,-0.1498,0.1781,0.9843,7.070,-3.290,3.570
11942,-0.1559,0.1042,0.9226,15.610,5.250,2.310
11952,-0.1496,0.0598,0.8874,14.140,4.900,1.120
11962,-0.1374,0.0571,0.8899,9.310,3.430,0.350
11972,-0.1266,0.0656,0.8994,5.600,0.910,-0.070
11982,-0.1259,0.0742,0.9191,3.010,-0.980,-0.070
11992,-0.1671,0.0815,0.9806,1.400,-2.310,-0.350
12002,-0.2015,0.0803,1.0221,0.070,-3.150,-0.980
12012,-0.2176,0.0688,1.0551,-0.350,-1.050,-1.960
12022,-0.2198,0.0627,1.0909,-1.190,0.350,-3.080
12031,-0.2198,0.0583,1.1314,-2.520,-0.280,-3.850
12041,-0.2223,0.0632,1.1605,-3.360,-2.030,-3.780
12051,-0.2262,0.0598,1.1588,-2.870,15.330,-2.030
12061,-0.2179,0.0444,1.1436,3.010,0.630,-0.420
12071,-0.1981,0.0102,1.1192,6.580,3.640,1.750
12081,-0.1774,-0.0217,1.0846,8.610,6.440,3.220
12091,-0.1584,-0.0371,1.0651,6.790,8.470,4.480
12101,-0.1464,-0.0495,1.0416,2.730,10.220,5.320
12111,-0.1264,-0.0527,1.0272,-2.940,14.630,6.300
12121,-0.1137,-0.0505,1.0382,-13.370,16.240,6.650
12131,-0.1064,-0.0522,1.0458,-17.150,16.450,6.510
12141,-0.1035,-0.0598,1.0472,-19.740,16.030,5.880
12151,-0.1039,-0.0776,1.0392,-22.330,14.630,4.620
12160,-0.1013,-0.0651,1.0375,-26.740,12.390,2.940
12170,-0.1008,0.0527,1.0299,-34.440,6.440,-0.910
12180,-0.1022,0.1279,1.0299,-34.650,3.780,-2.380
12190,-0.1083,0.1937,1.0189,-32.970,1.890,-3.500
12200,-0.1171,0.2442,1.0072,-30.450,1.050,-4.480
12210,-0.1198,0.2891,1.0016,-28.490,1.190,-4.970
12220,-0.1059,0.3318,0.9980,-26.740,1.750,-4.690
12230,-0.0891,0.4307,1.0104,-19.600,1.680,-3.080
12240,-0.0795,0.4602,1.0033,-13.510,0.840,-1.750
12250,-0.0722,0.4721,0.9858,-7.420,0.000,-0.560
12260,-0.0576,0.4912,0.9845,-2.660,-0.630,0.490
12270,-0.0422,0.4709,0.9636,2.240,-1.750,1.470
12280,-0.0298,0.4602,0.9567,5.180,-3.010,0.630
12290,-0.0312,0.3970,0.9794,6.580,-7.630,-1.470
12299,-0.0325,0.3592,1.0055,3.640,-10.080,-3.920
12309,-0.0395,0.3582,1.0548,-2.660,-11.620,-6.090
12319,-0.0444,0.3758,1.0987,-8.400,-12.180,-7.280
12329,-0.0559,0.3872,1.1165,-10.150,-11.340,-7.630
12339,-0.0708,0.3767,1.0987,-7.980,-8.890,-6.930
12349,-0.1020,0.3428,1.0329,-0.280,0.350,-4.060
12359,-0.1064,0.3365,0.9928,2.170,3.570,-3.080
12369,-0.1003,0.3455,0.9740,3.080,4.340,-1.960
12379,-0.0939,0.3562,0.9526,3.640,2.590,-1.260
12389,-0.0856,0.3804,0.9518,2.730,-0.840,-1.050
12399,-0.0825,0.4016,0.9626,2.310,-4.900,-0.560
12409,-0.0949,0.3733,1.0106,7.560,-12.320,-0.700
12418,-0.1132,0.3345,1.0568,11.130,-14.910,-1.260
12428,-0.1332,0.2833,1.0946,16.450,-16.170,-1.400
12438,-0.1520,0.2064,1.1236,22.400,-16.240,-1.610
12448,-0.1564,0.1279,1.1212,27.860,-14.910,-1.750
12458,-0.1637,0.0547,1.1124,31.990,-12.040,-1.610
12468,-0.1740,-0.0817,1.0636,34.510,-5.460,-1.960
12478,-0.1869,-0.1225,1.0470,31.990,-2.450,-1.330
12488,-0.2033,-0.1476,1.0341,29.610,-0.490,-0.910
12498,-0.2133,-0.1728,1.0045,25.760,1.260,0.000
12508,-0.2211,-0.1667,0.9884,20.160,3.710,0.350
12518,-0.2162,-0.1647,0.9626,13.510,5.950,0.980
12528,-0.1867,-0.1315,0.9453,3.080,8.050,2.030
12538,-0.1852,-0.1069,0.9433,-0.560,6.650,3.220
12548,-0.1723,-0.0978,0.9360,-2.520,4.760,4.830
12558,-0.1652,-0.0427,0.9916,-4.550,3.220,5.810
12568,-0.1613,-0.0259,1.0263,-4.970,1.190,7.140
12577,-0.1552,0.0161,1.0716,-3.990,1.260,6.930
12587,-0.1386,0.0978,1.1539,2.380,5.950,7.210
12597,-0.1403,0.1118,1.1553,7.770,7.350,6.930
12607,-0.1501,0.1152,1.1529,11.130,8.610,6.300
12617,-0.1479,0.0981,1.1353,13.160,10.010,5.810
12627,-0.1371,0.0747,1.1019,14.140,11.550,5.320
12637,-0.1205,0.0512,1.0619,15.750,11.550,5.530
12647,-0.0952,-0.0256,0.9548,18.480,4.900,7.140
12657,-0.1049,-0.0654,0.9106,15.260,1.680,7.700
12667,-0.1208,-0.0622,0.9135,7.070,0.910,7.980
12677,-0.1364,-0.0273,0.9650,-0.700,1.330,8.610
12687,-0.1449,-0.0425,1.0026,-3.150,1.750,9.450
12697,-0.1503,-0.0769,1.0336,-4.760,2.030,8.960
12707,-0.1257,-0.0939,1.1065,-12.460,2.730,7.630
12717,-0.1100,-0.0976,1.1192,-14.840,3.430,6.370
12727,-0.1000,-0.0861,1.1226,-15.890,4.480,5.600
12736,-0.0981,-0.0742,1.1002,-15.540,5.670,5.460
12746,-0.1093,-0.0529,1.0731,-14.770,7.700,5.950
12756,-0.1193,-0.0242,1.0470,-13.860,10.360,6.930
12766,-0.1171,0.0010,0.9806,-11.690,13.090,7.630
12776,-0.1088,0.0229,0.9653,-13.580,12.320,7.490
12786,-0.1059,0.0559,0.9772,-15.820,10.010,7.280
12796,-0.0971,0.0732,0.9950,-18.480,6.510,7.070
12806,-0.0844,0.1142,1.0319,-22.330,2.450,6.860
12816,-0.0639,0.1676,1.0829,-24.710,-0.840,6.650
12826,-0.0571,0.1915,1.0878,-24.640,-4.270,6.370
12836,-0.0447,0.2059,1.0770,-22.820,-3.990,6.370
12846,-0.0303,0.2162,1.0551,-19.390,-3.640,6.790
12856,-0.0090,0.2176,1.0275,-16.030,-4.200,7.350
12866,-0.0012,0.2264,1.0146,-13.790,-5.460,8.330
12875,-0.0098,0.2374,0.9953,-11.690,-6.440,8.960
12885,-0.0190,0.2569,0.9938,-11.830,-4.550,7.700
12895,-0.0303,0.2728,0.9936,-11.900,-2.730,6.020
12905,-0.0356,0.3033,1.0021,-12.180,-0.910,3.360
12915,-0.0444,0.3235,0.9980,-11.760,0.350,0.350
12925,-0.0617,0.3531,0.9992,-11.900,1.540,-2.940
12935,-0.1179,0.4021,0.9909,-12.040,2.520,-5.950
12945,-0.1532,0.4338,0.9884,-12.740,1.050,-12.460
12955,-0.1901,0.4509,0.9780,-12.880,-1.960,-15.750
12965,-0.2269,0.4695,0.9670,-13.090,-6.160,-19.180
12975,-0.2628,0.4948,0.9689,-13.440,-10.290,-22.750
12985,-0.2916,0.5100,0.9792,-12.040,-13.090,-25.550
12995,-0.3387,0.5112,1.0080,-9.170,-14.490,-27.650
13005,-0.3516,0.4826,1.0131,-1.400,-11.340,-29.400
13014,-0.3592,0.4534,1.0202,1.260,-7.000,-30.520
13024,-0.3601,0.4433,1.0516,2.030,-1.330,-31.640
13034,-0.3553,0.4165,1.0746,4.130,4.550,-32.340
13044,-0.3448,0.3738,1.0897,6.650,8.680,-33.110
13054,-0.2696,0.3253,1.1104,7.420,10.570,-34.440
13064,-0.2264,0.3267,1.1134,6.930,6.790,-34.580
13074,-0.1991,0.3282,1.0851,8.330,1.890,-33.950
13084,-0.1823,0.3216,1.0451,11.830,-1.960,-32.550
13094,-0.1684,0.3145,1.0067,16.310,-2.240,-30.660
13104,-0.1574,0.2728,0.9628,21.420,0.700,-27.090
13114,-0.1291,0.2101,0.9116,24.920,11.620,-19.040
13124,-0.1049,0.1867,0.9109,26.950,17.010,-14.560
13134,-0.0888,0.1623,0.8960,28.840,20.790,-10.710
13144,-0.0676,0.1186,0.8969,29.890,22.540,-6.720
13154,-0.0481,0.0813,0.9284,28.770,21.490,-2.520
13163,-0.0366,0.0651,0.9911,22.400,17.150,1.680
13173,-0.0495,0.0693,1.1329,11.970,0.350,10.920
13183,-0.0349,0.0708,1.1583,12.110,-5.180,14.980
13193,-0.0273,0.0625,1.1685,15.890,-7.490,18.060
13203,-0.0185,0.0259,1.1600,21.630,-8.050,20.230
13213,-0.0203,-0.0193,1.1358,26.670,-8.610,21.350
13223,-0.0090,-0.0639,1.0797,29.400,-9.030,21.140
13233,-0.0112,-0.1327,0.9767,31.780,-10.850,17.360
13243,-0.0212,-0.1481,0.9633,30.800,-12.390,14.070
13253,-0.0471,-0.1454,0.9594,27.020,-14.000,10.780
13263,-0.0847,-0.1452,0.9509,23.450,-13.160,7.630
13273,-0.1049,-0.1574,0.9414,20.230,-9.870,4.830
13283,-0.1103,-0.1789,0.9384,15.050,-5.880,2.240
13293,-0.0971,-0.1771,0.9758,3.570,-0.910,-0.490
13303,-0.1047,-0.1893,0.9850,1.330,0.210,-0.630
13312,-0.1105,-0.1654,1.0372,0.840,1.190,0.560
13322,-0.1259,-0.1937,1.0673,5.390,1.190,3.360
13332,-0.1330,-0.2496,1.0809,11.550,0.350,6.650
13342,-0.1286,-0.3062,1.0814,13.720,-0.630,9.940
13352,-0.0908,-0.3628,1.0516,5.530,-2.100,16.730
13362,-0.0669,-0.3575,1.0338,-1.680,-2.800,20.790
13372,-0.0425,-0.3340,1.0270,-9.450,-2.520,25.480
13382,-0.0246,-0.3070,1.0214,-16.730,-1.330,29.680
13392,-0.0254,-0.2682,1.0199,-24.640,-0.210,33.460
13402,-0.0251,-0.2233,1.0292,-33.810,1.330,36.890
13412,0.0024,-0.1418,1.0731,-48.860,7.490,40.390
13422,0.0344,-0.0939,1.0936,-54.950,8.680,39.690
13432,0.0744,-0.0107,1.1131,-59.850,6.930,37.310
13442,0.0981,0.0698,1.1058,-61.250,0.700,34.090
13452,0.0971,0.1391,1.0909,-59.150,-7.980,31.290
13461,0.0861,0.2101,1.0773,-55.510,-16.100,28.210
13471,0.0437,0.2948,1.0419,-47.390,-31.710,20.720
13481,0.0015,0.3292,1.0563,-44.660,-36.960,16.730
13491,-0.0420,0.3714,1.0921,-42.490,-38.430,13.580
13501,-0.0927,0.3904,1.1065,-38.640,-36.960,11.200
13511,-0.1279,0.3916,1.1117,-34.860,-32.760,8.820
13521,-0.1510,0.4168,1.1246,-33.390,-26.880,6.510
13531,-0.1283,0.4629,1.0612,-28.980,-15.610,1.190
13541,-0.1042,0.5065,0.9972,-26.460,-12.670,-1.260
13551,-0.0952,0.5571,0.9514,-23.590,-11.550,-2.730
13561,-0.1122,0.5958,0.9345,-19.670,-12.390,-2.310
13571,-0.1469,0.6151,0.9206,-14.350,-13.860,-0.350
13581,-0.1813,0.6371,0.9194,-9.940,-14.910,1.470
13591,-0.2528,0.6693,0.9143,-4.480,-20.790,2.940
13601,-0.2786,0.6834,0.8825,-2.940,-28.280,2.100
13610,-0.3011,0.7039,0.8215,-2.310,-36.400,-0.420
13620,-0.3148,0.7591,0.8086,-4.340,-42.210,-3.570
13630,-0.3274,0.8045,0.8337,-5.600,-42.350,-6.230
13640,-0.3487,0.8372,0.9606,-4.060,-36.540,-8.050
13650,-0.3570,0.7881,1.0146,7.070,-17.640,-5.740
13660,-0.3450,0.7483,1.0031,17.850,-11.410,-3.080
13670,-0.3243,0.6625,0.9450,31.640,-9.030,0.350
13680,-0.2955,0.5236,0.8962,43.260,-9.450,4.760
13690,-0.2679,0.3848,0.9160,49.770,-10.570,9.240
13700,-0.2667,0.1523,1.0587,50.820,-9.520,13.020
13710,-0.2967,0.0773,1.0921,48.090,-0.070,13.510
13720,-0.3504,0.0146,1.0695,50.540,4.620,10.640
13730,-0.3877,-0.0717,0.9928,52.990,9.030,6.300
13740,-0.4185,-0.1308,0.9243,51.870,14.490,1.400
13750,-0.4094,-0.1850,0.8552,48.300,19.670,-3.150
13759,-0.3814,-0.1440,0.8501,42.700,24.500,-7.980
13769,-0.3887,-0.0910,0.9118,30.730,29.540,-14.770
13779,-0.4070,-0.0566,0.9855,24.710,31.570,-17.920
13789,-0.4043,-0.0098,1.0599,15.680,33.880,-21.910
13799,-0.3745,0.0405,1.0870,5.180,35.210,-25.200
13809,-0.3394,0.0903,1.0897,-2.870,35.980,-26.110
13819,-0.2801,0.1569,1.0609,-5.810,36.820,-24.150
13829,-0.2552,0.1571,1.0482,2.800,34.090,-14.000
13839,-0.2682,0.1701,1.0756,10.990,30.030,-8.190
13849,-0.2574,0.1637,1.1183,19.530,26.670,-1.820
13859,-0.2272,0.1296,1.1387,28.350,22.820,4.340
13869,-0.1952,0.0776,1.1424,34.160,17.010,9.660
13879,-0.1364,-0.0686,1.1092,38.500,10.360,13.790
13889,-0.1154,-0.2067,1.0458,47.740,3.360,18.130
=== STREAM END ===
# collect_imu_data ready (LSM9DS1, 100 Hz, +/-8g, +/-2000 dps)
# ---- collect_imu_data ----
# c      : 5-sec calibration
# r      : record 30 s
# rNN    : record NN seconds (e.g. r12, r15, r25, r100)
# d      : dump last recording as CSV
# i      : info / cal values
# h      : this help
# --------------------------
# Calibration (raw int16 LSB):
#   int16_t cal_ax = 678, cal_ay = -268, cal_az = -270;
#   int16_t cal_gx = 41, cal_gy = 36, cal_gz = -16;
# Last recording samples = 0
# collect_imu_data ready (LSM9DS1, 100 Hz, +/-8g, +/-2000 dps)
# ---- collect_imu_data ----
# c      : 5-sec calibration
# r      : record 30 s
# rNN    : record NN seconds (e.g. r12, r15, r25, r100)
# d      : dump last recording as CSV
# i      : info / cal values
# h      : this help
# --------------------------
# Calibration (raw int16 LSB):
#   int16_t cal_ax = 678, cal_ay = -268, cal_az = -270;
#   int16_t cal_gx = 41, cal_gy = 36, cal_gz = -16;
